Workbook

Sheet Paises
A1: id | B1: country_name | C1: fifa_ranking | D1: points | E1: pct_ranking | F1: máx. | G1: =MAX((D2:D212))
A2: 1 | B2: Argentina | C2: 1 | D2: 1876.12 | E2: =(D2/G$1)
A3: 2 | B3: Spain | C3: 2 | D3: 1874.71 | E3: =(D3/G$1)
A4: 3 | B4: France | C4: 3 | D4: 1870.7 | E4: =(D4/G$1)
A5: 4 | B5: England | C5: 4 | D5: 1827.05 | E5: =(D5/G$1)
A6: 5 | B6: Portugal | C6: 5 | D6: 1766.18 | E6: =(D6/G$1)
A7: 6 | B7: Brazil | C7: 6 | D7: 1765.86 | E7: =(D7/G$1)
A8: 7 | B8: Morocco | C8: 7 | D8: 1755.1 | E8: =(D8/G$1)
A9: 8 | B9: Netherlands | C9: 8 | D9: 1753.57 | E9: =(D9/G$1)
A10: 9 | B10: Belgium | C10: 9 | D10: 1742.24 | E10: =(D10/G$1)
A11: 10 | B11: Germany | C11: 10 | D11: 1735.77 | E11: =(D11/G$1)
A12: 11 | B12: Croatia | C12: 11 | D12: 1714.87 | E12: =(D12/G$1)
A13: 12 | B13: Italy | C13: 12 | D13: 1704.73 | E13: =(D13/G$1)
... A212: 211 | B212: San Marino | C212: 211 | D212: 722.93 | E212: =(D212/G$1)

Sheet Selecoes
A1: id | B1: pais | C1: grupo | D1: sistema _tatico
A2: 1 | B2: Mexico | C2: Group A | D2: 1 | E2: 4 | F2: 3 | G2: 3
A3: 2 | B3: South Africa | C3: Group A | D3: 1 | E3: 5 | F3: 3 | G3: 2
A4: 3 | B4: Korea Republic | C4: Group A | D4: 1 | E4: 3 | F4: 4 | G4: 3
A5: 4 | B5: Czechia | C5: Group A | D5: 1 | E5: 3 | F5: 4 | G5: 3
A6: 5 | B6: Canada | C6: Group B | D6: 1 | E6: 4 | F6: 4 | G6: 2
A7: 6 | B7: Bosnia and Herzegovina | C7: Group B | D7: 1 | E7: 4 | F7: 4 | G7: 2
A8: 7 | B8: Qatar | C8: Group B | D8: 1 | E8: 4 | F8: 3 | G8: 3
A9: 8 | B9: Switzerland | C9: Group B | D9: 1 | E9: 4 | F9: 5 | G9: 1
A10: 9 | B10: Brazil | C10: Group C | D10: 1 | E10: 4 | F10: 3 | G10: 3
A11: 10 | B11: Morocco | C11: Group C | D11: 1 | E11: 4 | F11: 3 | G11: 3
A12: 11 | B12: Haiti | C12: Group C | D12: 1 | E12: 4 | F12: 4 | G12: 2
A13: 12 | B13: Scotland | C13: Group C | D13: 1 | E13: 4 | F13: 4 | G13: 2
... A49: 48 | B49: Panama | C49: Group L | D49: 1 | E49: 4 | F49: 3 | G49: 3

Sheet Jogadores
A1: id_jogador | B1: pais | C1: jogador | D1: posicao | E1: clube | F1: liga | G1: pais_liga | H1: jogos_possiveis_clube | I1: jogos_jogador | J1: pct_jogos | K1: minutos_possiveis_clube | L1: minutos_jogador | M1: pct_minutos
A2: 1 | B2: South Africa | C2: Ronwen Williams | D2: Guarda Redes | E2: Sundowns | F2: =VLOOKUP(E2,Clubes!B$2:D$438,2) | G2: =VLOOKUP(E2,Clubes!B$2:D$438,3) | H2: 30 | J2: =I2/H2 | K2: =H2*90 | M2: =L2/K2
A3: 2 | B3: South Africa | C3: Sipho Chaine | D3: Guarda Redes | E3: Orlando Pirates | F3: =VLOOKUP(E3,Clubes!B$2:D$438,2) | G3: =VLOOKUP(E3,Clubes!B$2:D$438,3) | H3: 30 | J3: =I3/H3 | K3: =H3*90 | M3: =L3/K3
A4: 3 | B4: South Africa | C4: Ricardo Goss | D4: Guarda Redes | E4: Siwelele | F4: =VLOOKUP(E4,Clubes!B$2:D$438,2) | G4: =VLOOKUP(E4,Clubes!B$2:D$438,3) | H4: 30 | J4: =I4/H4 | K4: =H4*90 | M4: =L4/K4
A5: 4 | B5: South Africa | C5: Tholo Matuludi | D5: Defesa | E5: Polokwane City | F5: =VLOOKUP(E5,Clubes!B$2:D$438,2) | G5: =VLOOKUP(E5,Clubes!B$2:D$438,3) | H5: 30 | J5: =I5/H5 | K5: =H5*90 | M5: =L5/K5
A6: 5 | B6: South Africa | C6: Khuliso Mudau | D6: Defesa | E6: Sundowns | F6: =VLOOKUP(E6,Clubes!B$2:D$438,2) | G6: =VLOOKUP(E6,Clubes!B$2:D$438,3) | H6: 30 | J6: =I6/H6 | K6: =H6*90 | M6: =L6/K6
A7: 6 | B7: South Africa | C7: Kulumani Ndamane | D7: Defesa | E7: Sundowns | F7: =VLOOKUP(E7,Clubes!B$2:D$438,2) | G7: =VLOOKUP(E7,Clubes!B$2:D$438,3) | H7: 30 | J7: =I7/H7 | K7: =H7*90 | M7: =L7/K7
A8: 7 | B8: South Africa | C8: Mbekezeli Mbokazi | D8: Defesa | E8: Chicago Fire | F8: =VLOOKUP(E8,Clubes!B$2:D$438,2) | G8: =VLOOKUP(E8,Clubes!B$2:D$438,3) | H8: 34 | J8: =I8/H8 | K8: =H8*90 | M8: =L8/K8
A9: 8 | B9: South Africa | C9: Samukele Kabini | D9: Defesa | E9: Molde | F9: =VLOOKUP(E9,Clubes!B$2:D$438,2) | G9: =VLOOKUP(E9,Clubes!B$2:D$438,3) | H9: 30 | J9: =I9/H9 | K9: =H9*90 | M9: =L9/K9
A10: 9 | B10: South Africa | C10: Nkosinathi Sibisi | D10: Defesa | E10: Orlando Pirates | F10: =VLOOKUP(E10,Clubes!B$2:D$438,2) | G10: =VLOOKUP(E10,Clubes!B$2:D$438,3) | H10: 30 | J10: =I10/H10 | K10: =H10*90 | M10: =L10/K10
A11: 10 | B11: South Africa | C11: Ime Okon | D11: Defesa | E11: Hannover 96 | F11: =VLOOKUP(E11,Clubes!B$2:D$438,2) | G11: =VLOOKUP(E11,Clubes!B$2:D$438,3) | H11: 34 | J11: =I11/H11 | K11: =H11*90 | M11: =L11/K11
A12: 11 | B12: South Africa | C12: Olwethu Makhanya | D12: Defesa | E12: Philadelphia Union | F12: =VLOOKUP(E12,Clubes!B$2:D$438,2) | G12: =VLOOKUP(E12,Clubes!B$2:D$438,3) | H12: 34 | J12: =I12/H12 | K12: =H12*90 | M12: =L12/K12
A13: 12 | B13: South Africa | C13: Bradley Cross | D13: Defesa | E13: Kaizer Chiefs | F13: =VLOOKUP(E13,Clubes!B$2:D$438,2) | G13: =VLOOKUP(E13,Clubes!B$2:D$438,3) | H13: 30 | J13: =I13/H13 | K13: =H13*90 | M13: =L13/K13
... A813: 812 | B813: Iraq | C813: Frans Putros | D813: Defesa | E813: Persib Bandung | F813: =VLOOKUP(E813,Clubes!B$2:D$438,2) | G813: =VLOOKUP(E813,Clubes!B$2:D$438,3) | H813: 34 | J813: =I813/H813 | K813: =H813*90 | M813: =L813/K813
A814: 813 | B814: Iraq | C814: Ahmed Yahia | D814: Defesa | F814: =VLOOKUP(E814,Clubes!B$2:D$438,2) | G814: =VLOOKUP(E814,Clubes!B$2:D$438,3) | J814: =I814/H814 | K814: =H814*90 | M814: =L814/K814
A815: 814 | B815: Iraq | C815: Maytham Jabbar | D815: Defesa | E815: Al-Zawra´a | F815: =VLOOKUP(E815,Clubes!B$2:D$438,2) | G815: =VLOOKUP(E815,Clubes!B$2:D$438,3) | H815: 38 | J815: =I815/H815 | K815: =H815*90 | M815: =L815/K815
A816: 815 | B816: Iraq | C816: Hussein Ali | D816: Defesa | E816: Pogon Szczecin | F816: =VLOOKUP(E816,Clubes!B$2:D$438,2) | G816: =VLOOKUP(E816,Clubes!B$2:D$438,3) | H816: 34 | J816: =I816/H816 | K816: =H816*90 | M816: =L816/K816
A817: 816 | B817: Iraq | C817: Zaid Tahseen | D817: Defesa | E817: Al-Quwa Al-Jawiya | F817: =VLOOKUP(E817,Clubes!B$2:D$438,2) | G817: =VLOOKUP(E817,Clubes!B$2:D$438,3) | H817: 38 | J817: =I817/H817 | K817: =H817*90 | M817: =L817/K817
A818: 817 | B818: Iraq | C818: Akam Hashim | D818: Defesa | E818: Al-Zawra´a | F818: =VLOOKUP(E818,Clubes!B$2:D$438,2) | G818: =VLOOKUP(E818,Clubes!B$2:D$438,3) | H818: 38 | J818: =I818/H818 | K818: =H818*90 | M818: =L818/K818
A819: 818 | B819: Iraq | C819: Mustafa Saadoun | D819: Defesa | E819: Al-Quwa Al-Jawiya | F819: =VLOOKUP(E819,Clubes!B$2:D$438,2) | G819: =VLOOKUP(E819,Clubes!B$2:D$438,3) | H819: 38 | J819: =I819/H819 | K819: =H819*90 | M819: =L819/K819
A820: 819 | B820: Iraq | C820: Ahmed Yahya | D820: Defesa | E820: Al-Shorta Bagdad | F820: =VLOOKUP(E820,Clubes!B$2:D$438,2) | G820: =VLOOKUP(E820,Clubes!B$2:D$438,3) | H820: 38 | J820: =I820/H820 | K820: =H820*90 | M820: =L820/K820
A821: 820 | B821: Iraq | C821: Rebin Sulaka | D821: Defesa | E821: Port FC | F821: =VLOOKUP(E821,Clubes!B$2:D$438,2) | G821: =VLOOKUP(E821,Clubes!B$2:D$438,3) | H821: 30 | J821: =I821/H821 | K821: =H821*90 | M821: =L821/K821
A822: 821 | B822: Iraq | C822: Ahmad Hasan | D822: Defesa | E822: Al-Karma | F822: =VLOOKUP(E822,Clubes!B$2:D$438,2) | G822: =VLOOKUP(E822,Clubes!B$2:D$438,3) | H822: 38 | J822: =I822/H822 | K822: =H822*90 | M822: =L822/K822
A823: 822 | B823: Iraq | C823: Manaf Younis | D823: Defesa | E823: Al-Shorta Bagdad | F823: =VLOOKUP(E823,Clubes!B$2:D$438,2) | G823: =VLOOKUP(E823,Clubes!B$2:D$438,3) | H823: 38 | J823: =I823/H823 | K823: =H823*90 | M823: =L823/K823
A824: 823 | B824: Iraq | C824: Merchas Doski | D824: Defesa | E824: Viktoria Plzeň | F824: =VLOOKUP(E824,Clubes!B$2:D$438,2) | G824: =VLOOKUP(E824,Clubes!B$2:D$438,3) | H824: 35 | J824: =I824/H824 | K824: =H824*90 | M824: =L824/K824
A825: 824 | B825: Iraq | C825: Dario Naamo | D825: Defesa | E825: Dundee United | F825: =VLOOKUP(E825,Clubes!B$2:D$438,2) | G825: =VLOOKUP(E825,Clubes!B$2:D$438,3) | H825: 38 | J825: =I825/H825 | K825: =H825*90 | M825: =L825/K825
A826: 825 | B826: Iraq | C826: Amir Al-Ammari | D826: Médio | E826: KS Cracovia | F826: =VLOOKUP(E826,Clubes!B$2:D$438,2) | G826: =VLOOKUP(E826,Clubes!B$2:D$438,3) | H826: 34 | J826: =I826/H826 | K826: =H826*90 | M826: =L826/K826
... A1294: 1318 | B1294: Uzbekistan | C1294: Jaloliddin Masharipov | D1294: Avançado | E1294: Esteghlal Tehran | F1294: =VLOOKUP(E1294,Clubes!B$2:D$438,2) | G1294: =VLOOKUP(E1294,Clubes!B$2:D$438,3) | H1294: 30 | J1294: =I1294/H1294 | K1294: =H1294*90 | M1294: =L1294/K1294

Sheet Clubes
A1: id_clube | B1: clube | C1: liga | D1: pais_liga | E1: ocorrencias | F1: confianca | G1: posisacao_equipa | H1: epoca_alvo
A2: 1 | B2: 1. FC Union Berlin | C2: Bundesliga | D2: Germany | E2: 1 | F2: Alta | G2: 11 | H2: 2025/26 | I2: confirmado_por_zerozero_screenshot | J2: ZeroZero screenshot enviado pelo utilizador - Bundesliga 2025/26 | K2: Validado com a classificação visível no screenshot enviado. Clube normalizado: 1. FC Union Berlin -> 1 fc union berlin.
A3: 2 | B3: AEK | C3: Super League Greece | D3: Greece | E3: 1 | F3: Alta | G3: 1 | H3: 2025/26 | I3: confirmado_por_zerozero_screenshot_v5 | J3: ZeroZero screenshot enviado pelo utilizador - Super League Greece 2025/26 | K3: Validado com screenshot ZeroZero enviado nesta passagem. Clube normalizado: AEK -> aek.
A4: 3 | B4: AEK Larnaca | C4: Cypriot First Division | D4: Cyprus | E4: 1 | F4: Alta | G4: 2 | H4: 2025/26 | I4: confirmado_por_zerozero_screenshot_v5 | J4: ZeroZero screenshot enviado pelo utilizador - Cypriot First Division 2025/26 | K4: Validado com screenshot ZeroZero enviado nesta passagem. Clube normalizado: AEK Larnaca -> aek larnaca.
A5: 4 | B5: AEL Limassol | C5: Cypriot First Division | D5: Cyprus | E5: 2 | F5: Alta | G5: 8 | H5: 2025/26 | I5: confirmado_por_zerozero_screenshot_v5 | J5: ZeroZero screenshot enviado pelo utilizador - Cypriot First Division 2025/26 | K5: Validado com screenshot ZeroZero enviado nesta passagem. Clube normalizado: AEL Limassol -> ael limassol.
A6: 5 | B6: AGF Aarhus | C6: Danish Superliga | D6: Denmark | E6: 1 | F6: Alta | G6: 1 | H6: 2025/26 | I6: confirmado_por_zerozero_screenshot | J6: ZeroZero screenshot enviado pelo utilizador - Superligaen fase regular 2025/26 | K6: Validado com a classificação visível no screenshot enviado. Clube normalizado: AGF Aarhus -> agf aarhus.
A7: 6 | B7: AIK | C7: Allsvenskan | D7: Sweden | E7: 1 | F7: Alta | G7: 10 | H7: 2026 | I7: confirmado_por_zerozero_screenshot_v9 | J7: ZeroZero screenshot enviado pelo utilizador - Allsvenskan 2026 | K7: Validado com screenshot ZeroZero enviado nesta passagem. Clube normalizado: AIK -> aik.
A8: 7 | B8: APOEL | C8: Cypriot First Division | D8: Cyprus | E8: 1 | F8: Alta | G8: 5 | H8: 2025/26 | I8: confirmado_por_zerozero_screenshot_v5 | J8: ZeroZero screenshot enviado pelo utilizador - Cypriot First Division 2025/26 | K8: Validado com screenshot ZeroZero enviado nesta passagem. Clube normalizado: APOEL -> apoel.
A9: 8 | B9: AZ Alkmaar | C9: Eredivisie | D9: Netherlands | E9: 1 | F9: Alta | G9: 7 | H9: 2025/26 | I9: confirmado_por_zerozero_screenshot | J9: ZeroZero screenshot enviado pelo utilizador - Eredivisie 2025/26 | K9: Validado com a classificação visível no screenshot enviado. Clube normalizado: AZ Alkmaar -> az alkmaar.
A10: 9 | B10: Abha Club | C10: Saudi First Division League | D10: Saudi Arabia | E10: 1 | F10: Média | G10: 1 | H10: 2025/26 | I10: confirmado_por_zerozero_screenshot_v9 | J10: ZeroZero screenshot enviado pelo utilizador - Yelo League 2025/26 | K10: Validado com screenshot ZeroZero enviado nesta passagem. Clube normalizado: Abha Club -> abha club.
A11: 10 | B11: Ajax | C11: Eredivisie | D11: Netherlands | E11: 5 | F11: Alta | G11: 5 | H11: 2025/26 | I11: confirmado_por_zerozero_screenshot | J11: ZeroZero screenshot enviado pelo utilizador - Eredivisie 2025/26 | K11: Validado com a classificação visível no screenshot enviado. Clube normalizado: Ajax -> ajax.
A12: 11 | B12: Akron Togliatti | C12: Russian Premier League | D12: Russia | E12: 1 | F12: Alta | G12: 13 | H12: 2025/26 | I12: confirmado_por_zerozero_screenshot_v5 | J12: ZeroZero screenshot enviado pelo utilizador - Russian Premier League 2025/26 | K12: Validado com screenshot ZeroZero enviado nesta passagem. Clube normalizado: Akron Togliatti -> akron togliatti.
A13: 12 | B13: Al Ahli | C13: Qatar Stars League | D13: Qatar | E13: 1 | F13: Alta | G13: 9 | H13: 2025/26 | I13: confirmado_por_zerozero_screenshot_v5 | J13: ZeroZero screenshot enviado pelo utilizador - Stars League Qatar 2025/26 | K13: Validado com screenshot ZeroZero enviado nesta passagem. Clube normalizado: Al Ahli -> al ahli.
A14: 13 | B14: Al Ain | C14: UAE Pro League | D14: United Arab Emirates | E14: 3 | F14: Alta | G14: 1 | H14: 2025/26 | I14: confirmado_por_zerozero_screenshot_v5 | J14: ZeroZero screenshot enviado pelo utilizador - Arabian Gulf League 2025/26 | K14: Validado com screenshot ZeroZero enviado nesta passagem. Clube normalizado: Al Ain -> al ain.
A15: 14 | B15: Al Bataeh | C15: UAE Pro League | D15: United Arab Emirates | E15: 2 | F15: Alta | G15: 13 | H15: 2025/26 | I15: confirmado_por_zerozero_screenshot_v5 | J15: ZeroZero screenshot enviado pelo utilizador - Arabian Gulf League 2025/26 | K15: Validado com screenshot ZeroZero enviado nesta passagem. Clube normalizado: Al Bataeh -> al bataeh.
A16: 15 | B16: Al Dhafra | C16: UAE First Division League | D16: United Arab Emirates | E16: 1 | F16: Média | G16: 12 | H16: 2025/26 | I16: confirmado_por_screenshot_v10 | J16: Screenshot enviado pelo utilizador - Arabian Gulf League 2025/26 (usado para validar Al Dhafra; nome da liga no dataset diverge) | K16: Validado com screenshot enviado nesta passagem. O dataset traz a liga como 'UAE First Division League', mas o screenshot fornecido mostra 'Arabian Gulf League 2025/26'. O clube Al Dhafra aparece na tabela na posição 12; valor preenchido com esta ressalva.
A17: 16 | B17: Al Ittihad Kalba | C17: UAE Pro League | D17: United Arab Emirates | E17: 2 | F17: Alta | G17: 11 | H17: 2025/26 | I17: confirmado_por_zerozero_screenshot_v5 | J17: ZeroZero screenshot enviado pelo utilizador - Arabian Gulf League 2025/26 | K17: Validado com screenshot ZeroZero enviado nesta passagem. Clube normalizado: Al Ittihad Kalba -> al ittihad kalba.
A18: 17 | B18: Al Jazira | C18: UAE Pro League | D18: United Arab Emirates | E18: 1 | F18: Alta | G18: 4 | H18: 2025/26 | I18: confirmado_por_zerozero_screenshot_v5 | J18: ZeroZero screenshot enviado pelo utilizador - Arabian Gulf League 2025/26 | K18: Validado com screenshot ZeroZero enviado nesta passagem. Clube normalizado: Al Jazira -> al jazira.
A19: 18 | B19: Al Wahda | C19: UAE Pro League | D19: United Arab Emirates | E19: 1 | F19: Alta | G19: 5 | H19: 2025/26 | I19: confirmado_por_zerozero_screenshot_v5 | J19: ZeroZero screenshot enviado pelo utilizador - Arabian Gulf League 2025/26 | K19: Validado com screenshot ZeroZero enviado nesta passagem. Clube normalizado: Al Wahda -> al wahda.
... A45: 44 | B45: Alanyaspor | C45: Süper Lig | D45: Turkey | E45: 1 | F45: Alta | G45: 11 | H45: 2025/26 | I45: confirmado_por_zerozero_screenshot | J45: ZeroZero screenshot enviado pelo utilizador - Süper Lig 2025/26 | K45: Validado com a classificação visível no screenshot enviado. Clube normalizado: Alanyaspor -> alanyaspor.
A46: 45 | B46: Albirex Niigata | C46: J1 League | D46: Japan | E46: 1 | F46: Alta | G46: 20 | H46: 2026 | I46: confirmado_por_zerozero_screenshot_v6 | J46: ZeroZero screenshot enviado pelo utilizador - J1 League 2026 | K46: Validado com screenshot ZeroZero enviado nesta passagem. Clube normalizado: Albirex Niigata -> albirex niigata.
A47: 46 | B47: Almere City FC | C47: Eerste Divisie | D47: Netherlands | E47: 1 | F47: Alta | G47: 5 | H47: 2025/26 | I47: confirmado_por_zerozero_screenshot_v9 | J47: ZeroZero screenshot enviado pelo utilizador - Eerste Divisie 2025/26 | K47: Validado com screenshot ZeroZero enviado nesta passagem. Clube normalizado: Almere City FC -> almere city fc.
A48: 47 | B48: Anderlecht | C48: Belgian Pro League | D48: Belgium | E48: 2 | F48: Alta | G48: 6 | H48: 2025/26 | I48: confirmado_por_zerozero_screenshot | J48: ZeroZero screenshot enviado pelo utilizador - Jupiler Pro League fase regular 2025/26 | K48: Validado com a classificação visível no screenshot enviado. Clube normalizado: Anderlecht -> anderlecht.
A49: 48 | B49: Angers | C49: Ligue 1 | D49: France | E49: 1 | F49: Alta | G49: 13 | H49: 2025/26 | I49: confirmado_por_zerozero_screenshot | J49: ZeroZero screenshot enviado pelo utilizador - Ligue 1 2025/26 | K49: Validado com a classificação visível no screenshot enviado. Clube normalizado: Angers -> angers.
A50: 49 | B50: Apollon Limassol | C50: Cypriot First Division | D50: Cyprus | E50: 1 | F50: Alta | G50: 3 | H50: 2025/26 | I50: confirmado_por_zerozero_screenshot_v5 | J50: ZeroZero screenshot enviado pelo utilizador - Cypriot First Division 2025/26 | K50: Validado com screenshot ZeroZero enviado nesta passagem. Clube normalizado: Apollon Limassol -> apollon limassol.
A51: 50 | B51: Aris Limassol | C51: Cypriot First Division | D51: Cyprus | E51: 1 | F51: Alta | G51: 6 | H51: 2025/26 | I51: confirmado_por_zerozero_screenshot_v5 | J51: ZeroZero screenshot enviado pelo utilizador - Cypriot First Division 2025/26 | K51: Validado com screenshot ZeroZero enviado nesta passagem. Clube normalizado: Aris Limassol -> aris limassol.
A52: 51 | B52: Arsenal | C52: Premier League | D52: England | E52: 17 | F52: Alta | G52: 1 | H52: 2025/26 | I52: confirmado_por_zerozero_screenshot | J52: ZeroZero screenshot enviado pelo utilizador - Premier League 2025/26 | K52: Validado com a classificação visível no screenshot enviado. Clube normalizado: Arsenal -> arsenal.
A53: 52 | B53: Astana | C53: Kazakhstan Premier League | D53: Kazakhstan | E53: 1 | F53: Alta | G53: 5 | H53: 2026 | I53: confirmado_por_screenshot_v10 | J53: Screenshot ZeroZero enviado pelo utilizador - Premier Liga 2026 | K53: Validado com screenshot enviado nesta passagem.
A54: 53 | B54: Aston Villa | C54: Premier League | D54: England | E54: 9 | F54: Alta | G54: 4 | H54: 2025/26 | I54: confirmado_por_zerozero_screenshot | J54: ZeroZero screenshot enviado pelo utilizador - Premier League 2025/26 | K54: Validado com a classificação visível no screenshot enviado. Clube normalizado: Aston Villa -> aston villa.
A55: 54 | B55: Atalanta | C55: Serie A | D55: Italy | E55: 9 | F55: Alta | G55: 7 | H55: 2025/26 | I55: confirmado_por_zerozero_screenshot | J55: ZeroZero screenshot enviado pelo utilizador - Serie A 2025/26 | K55: Validado com a classificação visível no screenshot enviado. Clube normalizado: Atalanta -> atalanta.
A56: 55 | B56: Athletic Bilbao | C56: LaLiga | D56: Spain | E56: 4 | F56: Alta | G56: 12 | H56: 2025/26 | I56: confirmado_por_zerozero_screenshot | J56: ZeroZero screenshot enviado pelo utilizador - LaLiga 2025/26 | K56: Validado com a classificação visível no screenshot enviado. Clube normalizado: Athletic Bilbao -> athletic bilbao.
A57: 56 | B57: Athletico Paranaense | C57: Campeonato Brasileiro Série B | D57: Brazil | E57: 1 | F57: Alta | G57: 4 | H57: 2026 | I57: por_validar_sem_screenshot_da_liga | K57: Não preenchido: falta screenshot/tabela da liga Campeonato Brasileiro Série B na época 2026, ou clube não aparece na tabela enviada.
A58: 57 | B58: Atlanta United | C58: Major League Soccer | D58: United States/Canada | E58: 2 | F58: Alta | G58: 14 | H58: 2026 | I58: confirmado_por_zerozero_screenshot | J58: ZeroZero screenshot enviado pelo utilizador - MLS 2026, posição na conferência | K58: Validado com a classificação visível no screenshot enviado. Clube normalizado: Atlanta United -> atlanta united.
A59: 58 | B59: Atlas | C59: Liga MX | D59: Mexico | E59: 1 | F59: Alta | G59: 6 | H59: 2026 | I59: confirmado_por_zerozero_screenshot_v6 | J59: ZeroZero screenshot enviado pelo utilizador - Liga MX Clausura 2026 aplicado a Liga MX | K59: Validado com screenshot ZeroZero enviado nesta passagem. Clube normalizado: Atlas -> atlas.
A60: 59 | B60: Atlético Mineiro | C60: Campeonato Brasileiro Série A | D60: Brazil | E60: 4 | F60: Alta | G60: 9 | H60: 2026 | I60: confirmado_por_zerozero_screenshot | J60: ZeroZero screenshot enviado pelo utilizador - Brasileirão Série A 2026 | K60: Validado com a classificação visível no screenshot enviado. Clube normalizado: Atlético Mineiro -> atletico mineiro.
A61: 60 | B61: Atlético Nacional | C61: Categoría Primera A | D61: Colombia | E61: 1 | F61: Alta | G61: 1 | H61: 2026 | I61: confirmado_por_screenshot_v10 | J61: Screenshot Flashscore enviado pelo utilizador - Primera A Apertura 2026 | K61: Validado com screenshot enviado nesta passagem.
A62: 61 | B62: Atlético de Madrid | C62: LaLiga | D62: Spain | E62: 12 | F62: Alta | G62: 4 | H62: 2025/26 | I62: confirmado_por_zerozero_screenshot | J62: ZeroZero screenshot enviado pelo utilizador - LaLiga 2025/26 | K62: Validado com a classificação visível no screenshot enviado. Clube normalizado: Atlético de Madrid -> atletico madrid.
A63: 62 | B63: Atromitos | C63: Super League Greece | D63: Greece | E63: 1 | F63: Alta | G63: 9 | H63: 2025/26 | I63: confirmado_por_zerozero_screenshot_v5 | J63: ZeroZero screenshot enviado pelo utilizador - Super League Greece 2025/26 | K63: Validado com screenshot ZeroZero enviado nesta passagem. Clube normalizado: Atromitos -> atromitos.
A64: 63 | B64: Auckland FC | C64: A-League Men | D64: Australia/New Zealand | E64: 5 | F64: Alta | G64: 3 | H64: 2025/26 | I64: confirmado_por_zerozero_screenshot_v6 | J64: ZeroZero screenshot enviado pelo utilizador - A-League Men 2025/26 | K64: Validado com screenshot ZeroZero enviado nesta passagem. Clube normalizado: Auckland FC -> auckland fc.
A65: 64 | B65: Austria Wien | C65: Austrian Bundesliga | D65: Austria | E65: 1 | F65: Alta | G65: 4 | H65: 2025/26 | I65: confirmado_por_zerozero_screenshot_v7 | J65: ZeroZero screenshots enviados pelo utilizador - Austrian Bundesliga 2025/26 Meistergruppe + regular | K65: Validado com screenshot ZeroZero enviado nesta passagem. Clube normalizado: Austria Wien -> austria wien.
A66: 65 | B66: Auxerre | C66: Ligue 1 | D66: France | E66: 4 | F66: Alta | G66: 15 | H66: 2025/26 | I66: confirmado_por_zerozero_screenshot | J66: ZeroZero screenshot enviado pelo utilizador - Ligue 1 2025/26 | K66: Validado com a classificação visível no screenshot enviado. Clube normalizado: Auxerre -> auxerre.
A67: 66 | B67: Baniyas | C67: UAE Pro League | D67: United Arab Emirates | E67: 1 | F67: Alta | G67: 10 | H67: 2025/26 | I67: confirmado_por_zerozero_screenshot_v5 | J67: ZeroZero screenshot enviado pelo utilizador - Arabian Gulf League 2025/26 | K67: Validado com screenshot ZeroZero enviado nesta passagem. Clube normalizado: Baniyas -> baniyas.
A68: 67 | B68: Barcelona | C68: LaLiga | D68: Spain | E68: 16 | F68: Alta | G68: 1 | H68: 2025/26 | I68: confirmado_por_zerozero_screenshot | J68: ZeroZero screenshot enviado pelo utilizador - LaLiga 2025/26 | K68: Validado com a classificação visível no screenshot enviado. Clube normalizado: Barcelona -> barcelona.
A69: 68 | B69: Bari | C69: Serie B | D69: Italy | E69: 1 | F69: Alta | G69: 17 | H69: 2025/26 | I69: confirmado_por_zerozero_screenshot_v8 | J69: ZeroZero screenshot enviado pelo utilizador - Serie B 2025/26 | K69: Validado com screenshot ZeroZero enviado nesta passagem. Clube normalizado: Bari -> bari.
A70: 69 | B70: Barnsley | C70: EFL League One | D70: England | E70: 1 | F70: Alta | G70: 15 | H70: 2025/26 | I70: confirmado_por_zerozero_screenshot_v8 | J70: ZeroZero screenshot enviado pelo utilizador - EFL League One 2025/26 | K70: Validado com screenshot ZeroZero enviado nesta passagem. Clube normalizado: Barnsley -> barnsley.
A71: 70 | B71: Basaksehir | C71: Süper Lig | D71: Turkey | E71: 5 | F71: Alta | G71: 5 | H71: 2025/26 | I71: confirmado_por_zerozero_screenshot | J71: ZeroZero screenshot enviado pelo utilizador - Süper Lig 2025/26 | K71: Validado com a classificação visível no screenshot enviado. Clube normalizado: Basaksehir -> basaksehir.
A72: 71 | B72: Bastia | C72: Ligue 2 | D72: France | E72: 1 | F72: Alta | G72: 17 | H72: 2025/26 | I72: confirmado_por_zerozero_screenshot_v6 | J72: ZeroZero screenshot enviado pelo utilizador - Ligue 2 2025/26 | K72: Validado com screenshot ZeroZero enviado nesta passagem. Clube normalizado: Bastia -> bastia.
A73: 72 | B73: Bayer Leverkusen | C73: Bundesliga | D73: Germany | E73: 8 | F73: Alta | G73: 6 | H73: 2025/26 | I73: confirmado_por_zerozero_screenshot | J73: ZeroZero screenshot enviado pelo utilizador - Bundesliga 2025/26 | K73: Validado com a classificação visível no screenshot enviado. Clube normalizado: Bayer Leverkusen -> bayer leverkusen.
... A77: 76 | B77: Birmingham City | C77: EFL Championship | D77: England | E77: 1 | F77: Alta | G77: 10 | H77: 2025/26 | I77: confirmado_por_zerozero_screenshot_v5 | J77: ZeroZero screenshot enviado pelo utilizador - Championship 2025/26 | K77: Validado com screenshot ZeroZero enviado nesta passagem. Clube normalizado: Birmingham City -> birmingham city.
A78: 77 | B78: Boca Juniors | C78: Argentine Primera División | D78: Argentina | E78: 2 | F78: Alta | G78: 2 | H78: 2026 | I78: confirmado_por_zerozero_screenshot_v5 | J78: ZeroZero screenshot enviado pelo utilizador - Torneo Apertura 2026, 1.ª fase/grupos | K78: Validado com screenshot ZeroZero enviado nesta passagem. Clube normalizado: Boca Juniors -> boca juniors.
A79: 78 | B79: Bodo/Glimt | C79: Eliteserien | D79: Norway | E79: 3 | F79: Alta | G79: 3 | H79: 2026 | I79: confirmado_por_zerozero_screenshot_v7 | J79: ZeroZero screenshot enviado pelo utilizador - Eliteserien 2026 | K79: Validado com screenshot ZeroZero enviado nesta passagem. Clube normalizado: Bodo/Glimt -> bodo glimt.
A80: 79 | B80: Bologna | C80: Serie A | D80: Italy | E80: 5 | F80: Alta | G80: 8 | H80: 2025/26 | I80: confirmado_por_zerozero_screenshot | J80: ZeroZero screenshot enviado pelo utilizador - Serie A 2025/26 | K80: Validado com a classificação visível no screenshot enviado. Clube normalizado: Bologna -> bologna.
A81: 80 | B81: Borussia Dortmund | C81: Bundesliga | D81: Germany | E81: 11 | F81: Alta | G81: 2 | H81: 2025/26 | I81: confirmado_por_zerozero_screenshot | J81: ZeroZero screenshot enviado pelo utilizador - Bundesliga 2025/26 | K81: Validado com a classificação visível no screenshot enviado. Clube normalizado: Borussia Dortmund -> borussia dortmund.
A82: 81 | B82: Borussia M´gladbach | C82: Bundesliga | D82: Germany | E82: 5 | F82: Alta | G82: 12 | H82: 2025/26 | I82: confirmado_por_zerozero_screenshot | J82: ZeroZero screenshot enviado pelo utilizador - Bundesliga 2025/26 | K82: Validado com a classificação visível no screenshot enviado. Clube normalizado: Borussia M´gladbach -> borussia m gladbach.
A83: 82 | B83: Botafogo | C83: Campeonato Brasileiro Série A | D83: Brazil | E83: 1 | F83: Alta | G83: 12 | H83: 2026 | I83: confirmado_por_zerozero_screenshot | J83: ZeroZero screenshot enviado pelo utilizador - Brasileirão Série A 2026 | K83: Validado com a classificação visível no screenshot enviado. Clube normalizado: Botafogo -> botafogo.
A84: 83 | B84: Bournemouth | C84: Premier League | D84: England | E84: 8 | F84: Alta | G84: 6 | H84: 2025/26 | I84: confirmado_por_zerozero_screenshot | J84: ZeroZero screenshot enviado pelo utilizador - Premier League 2025/26 | K84: Validado com a classificação visível no screenshot enviado. Clube normalizado: Bournemouth -> bournemouth.
A85: 84 | B85: Braintree Town | C85: National League | D85: England | E85: 1 | F85: Alta | G85: 23 | H85: 2025/26 | I85: por_validar_sem_screenshot_da_liga | K85: Não preenchido: falta screenshot/tabela da liga National League na época 2025/26, ou clube não aparece na tabela enviada.
A86: 85 | B86: Brentford | C86: Premier League | D86: England | E86: 4 | F86: Alta | G86: 9 | H86: 2025/26 | I86: confirmado_por_zerozero_screenshot | J86: ZeroZero screenshot enviado pelo utilizador - Premier League 2025/26 | K86: Validado com a classificação visível no screenshot enviado. Clube normalizado: Brentford -> brentford.
A87: 86 | B87: Brighton & Hove Albion | C87: Premier League | D87: England | E87: 12 | F87: Alta | G87: 8 | H87: 2025/26 | I87: confirmado_por_zerozero_screenshot | J87: ZeroZero screenshot enviado pelo utilizador - Premier League 2025/26 | K87: Validado com a classificação visível no screenshot enviado. Clube normalizado: Brighton & Hove Albion -> brighton.
A88: 87 | B88: Brondby IF | C88: Danish Superliga | D88: Denmark | E88: 2 | F88: Alta | G88: 4 | H88: 2025/26 | I88: confirmado_por_zerozero_screenshot | J88: ZeroZero screenshot enviado pelo utilizador - Superligaen fase regular 2025/26 | K88: Validado com a classificação visível no screenshot enviado. Clube normalizado: Brondby IF -> brondby if.
A89: 88 | B89: Burnley | C89: Premier League | D89: England | E89: 5 | F89: Alta | G89: 19 | H89: 2025/26 | I89: confirmado_por_zerozero_screenshot | J89: ZeroZero screenshot enviado pelo utilizador - Premier League 2025/26 | K89: Validado com a classificação visível no screenshot enviado. Clube normalizado: Burnley -> burnley.
A90: 89 | B90: CD Tondela | C90: Primeira Liga | D90: Portugal | E90: 1 | F90: Alta | G90: 17 | H90: 2025/26 | I90: confirmado_por_zerozero_screenshot | J90: ZeroZero screenshot enviado pelo utilizador - Liga Portugal Betclic 2025/26 | K90: Validado com a classificação visível no screenshot enviado. Clube normalizado: CD Tondela -> cd tondela.
A91: 90 | B91: CS Sfaxien | C91: Tunisian Ligue Professionnelle 1 | D91: Tunisia | E91: 1 | F91: Alta | G91: 3 | H91: 2025/26 | I91: confirmado_por_zerozero_screenshot_v7 | J91: ZeroZero screenshot enviado pelo utilizador - Tunisian Ligue 1 2025/26 | K91: Validado com screenshot ZeroZero enviado nesta passagem. Clube normalizado: CS Sfaxien -> cs sfaxien.
A92: 91 | B92: Caen | C92: Championnat National | D92: France | E92: 1 | F92: Média | G92: 8 | H92: 2025/26 | I92: por_validar_sem_screenshot_da_liga | K92: Não preenchido: falta screenshot/tabela da liga Championnat National na época 2025/26, ou clube não aparece na tabela enviada.
A93: 92 | B93: Cagliari | C93: Serie A | D93: Italy | E93: 1 | F93: Alta | G93: 14 | H93: 2025/26 | I93: confirmado_por_zerozero_screenshot | J93: ZeroZero screenshot enviado pelo utilizador - Serie A 2025/26 | K93: Validado com a classificação visível no screenshot enviado. Clube normalizado: Cagliari -> cagliari.
A94: 93 | B94: Casa Pia AC | C94: Primeira Liga | D94: Portugal | E94: 1 | F94: Alta | G94: 16 | H94: 2025/26 | I94: confirmado_por_zerozero_screenshot | J94: ZeroZero screenshot enviado pelo utilizador - Liga Portugal Betclic 2025/26 | K94: Validado com a classificação visível no screenshot enviado. Clube normalizado: Casa Pia AC -> casa pia ac.
A95: 94 | B95: Castellón | C95: LaLiga 2 | D95: Spain | E95: 2 | F95: Alta | G95: 6 | H95: 2025/26 | I95: confirmado_por_zerozero_screenshot_v8 | J95: ZeroZero screenshot enviado pelo utilizador - LaLiga Hypermotion 2025/26 | K95: Validado com screenshot ZeroZero enviado nesta passagem. Clube normalizado: Castellón -> castellon.
A96: 95 | B96: Caykur Rizespor | C96: Süper Lig | D96: Turkey | E96: 3 | F96: Alta | G96: 8 | H96: 2025/26 | I96: confirmado_por_zerozero_screenshot | J96: ZeroZero screenshot enviado pelo utilizador - Süper Lig 2025/26 | K96: Validado com a classificação visível no screenshot enviado. Clube normalizado: Caykur Rizespor -> caykur rizespor.
A97: 96 | B97: Celta de Vigo | C97: LaLiga | D97: Spain | E97: 2 | F97: Alta | G97: 6 | H97: 2025/26 | I97: confirmado_por_zerozero_screenshot | J97: ZeroZero screenshot enviado pelo utilizador - LaLiga 2025/26 | K97: Validado com a classificação visível no screenshot enviado. Clube normalizado: Celta de Vigo -> celta de vigo.
A98: 97 | B98: Celtic | C98: Scottish Premiership | D98: Scotland | E98: 8 | F98: Alta | G98: 3 | H98: 2025/26 | I98: confirmado_por_zerozero_screenshot_v6 | J98: ZeroZero screenshot enviado pelo utilizador - Scottish Premiership 2025/26 | K98: Validado com screenshot ZeroZero enviado nesta passagem. Clube normalizado: Celtic -> celtic.
A99: 98 | B99: Cercle Brugge | C99: Belgian Pro League | D99: Belgium | E99: 1 | F99: Alta | G99: 14 | H99: 2025/26 | I99: confirmado_por_zerozero_screenshot | J99: ZeroZero screenshot enviado pelo utilizador - Jupiler Pro League fase regular 2025/26 | K99: Validado com a classificação visível no screenshot enviado. Clube normalizado: Cercle Brugge -> cercle brugge.
A100: 99 | B100: Cerro Porteño | C100: Paraguayan Primera División | D100: Paraguay | E100: 2 | F100: Alta | G100: 3 | H100: 2026 | I100: confirmado_por_zerozero_screenshot_v9 | J100: ZeroZero screenshot enviado pelo utilizador - Liga Paraguaia Apertura 2026 | K100: Validado com screenshot ZeroZero enviado nesta passagem. Clube normalizado: Cerro Porteño -> cerro porteno.
A101: 100 | B101: Charleroi | C101: Belgian Pro League | D101: Belgium | E101: 3 | F101: Alta | G101: 12 | H101: 2025/26 | I101: confirmado_por_zerozero_screenshot | J101: ZeroZero screenshot enviado pelo utilizador - Jupiler Pro League fase regular 2025/26 | K101: Validado com a classificação visível no screenshot enviado. Clube normalizado: Charleroi -> charleroi.
A102: 101 | B102: Charlotte FC | C102: Major League Soccer | D102: United States/Canada | E102: 1 | F102: Alta | G102: 6 | H102: 2026 | I102: confirmado_por_zerozero_screenshot | J102: ZeroZero screenshot enviado pelo utilizador - MLS 2026, posição na conferência | K102: Validado com a classificação visível no screenshot enviado. Clube normalizado: Charlotte FC -> charlotte fc.
A103: 102 | B103: Charlton Athletic | C103: EFL Championship | D103: England | E103: 1 | F103: Alta | G103: 19 | H103: 2025/26 | I103: confirmado_por_zerozero_screenshot_v5 | J103: ZeroZero screenshot enviado pelo utilizador - Championship 2025/26 | K103: Validado com screenshot ZeroZero enviado nesta passagem. Clube normalizado: Charlton Athletic -> charlton athletic.
A104: 103 | B104: Chelsea | C104: Premier League | D104: England | E104: 10 | F104: Alta | G104: 10 | H104: 2025/26 | I104: confirmado_por_zerozero_screenshot | J104: ZeroZero screenshot enviado pelo utilizador - Premier League 2025/26 | K104: Validado com a classificação visível no screenshot enviado. Clube normalizado: Chelsea -> chelsea.
A105: 104 | B105: Chicago Fire | C105: Major League Soccer | D105: United States/Canada | E105: 3 | F105: Alta | G105: 3 | H105: 2026 | I105: confirmado_por_zerozero_screenshot | J105: ZeroZero screenshot enviado pelo utilizador - MLS 2026, posição na conferência | K105: Validado com a classificação visível no screenshot enviado. Clube normalizado: Chicago Fire -> chicago fire.
A106: 105 | B106: Chivas | C106: Liga MX | D106: Mexico | E106: 5 | F106: Alta | G106: 2 | H106: 2026 | I106: confirmado_por_zerozero_screenshot_v6 | J106: ZeroZero screenshot enviado pelo utilizador - Liga MX Clausura 2026 aplicado a Liga MX | K106: Validado com screenshot ZeroZero enviado nesta passagem. Clube normalizado: Chivas -> chivas.
A107: 106 | B107: Club Africain | C107: Tunisian Ligue Professionnelle 1 | D107: Tunisia | E107: 2 | F107: Alta | G107: 1 | H107: 2025/26 | I107: confirmado_por_zerozero_screenshot_v7 | J107: ZeroZero screenshot enviado pelo utilizador - Tunisian Ligue 1 2025/26 | K107: Validado com screenshot ZeroZero enviado nesta passagem. Clube normalizado: Club Africain -> club africain.
A108: 107 | B108: Club América | C108: Liga MX | D108: Mexico | E108: 4 | F108: Alta | G108: 8 | H108: 2026 | I108: confirmado_por_zerozero_screenshot_v6 | J108: ZeroZero screenshot enviado pelo utilizador - Liga MX Clausura 2026 aplicado a Liga MX | K108: Validado com screenshot ZeroZero enviado nesta passagem. Clube normalizado: Club América -> club america.
A109: 108 | B109: Club Brugge | C109: Belgian Pro League | D109: Belgium | E109: 5 | F109: Alta | G109: 2 | H109: 2025/26 | I109: confirmado_por_zerozero_screenshot | J109: ZeroZero screenshot enviado pelo utilizador - Jupiler Pro League fase regular 2025/26 | K109: Validado com a classificação visível no screenshot enviado. Clube normalizado: Club Brugge -> club brugge.
A110: 109 | B110: Club Tijuana | C110: Liga MX | D110: Mexico | E110: 1 | F110: Alta | G110: 9 | H110: 2026 | I110: confirmado_por_zerozero_screenshot_v6 | J110: ZeroZero screenshot enviado pelo utilizador - Liga MX Clausura 2026 aplicado a Liga MX | K110: Validado com screenshot ZeroZero enviado nesta passagem. Clube normalizado: Club Tijuana -> club tijuana.
A111: 110 | B111: Colorado Rapids | C111: Major League Soccer | D111: United States/Canada | E111: 1 | F111: Alta | G111: 12 | H111: 2026 | I111: confirmado_por_zerozero_screenshot | J111: ZeroZero screenshot enviado pelo utilizador - MLS 2026, posição na conferência | K111: Validado com a classificação visível no screenshot enviado. Clube normalizado: Colorado Rapids -> colorado rapids.
A112: 111 | B112: Colorado Springs Switchbacks | C112: USL Championship | D112: United States | E112: 1 | F112: Alta | G112: 9 | H112: 2026 | I112: confirmado_por_zerozero_screenshot_v9 | J112: ZeroZero screenshot enviado pelo utilizador - USL Championship 2026 Grupo Este/Oeste | K112: Validado com screenshot ZeroZero enviado nesta passagem. Clube normalizado: Colorado Springs Switchbacks -> colorado springs switchbacks.
A113: 112 | B113: Columbus Crew | C113: Major League Soccer | D113: United States/Canada | E113: 2 | F113: Alta | G113: 10 | H113: 2026 | I113: confirmado_por_zerozero_screenshot | J113: ZeroZero screenshot enviado pelo utilizador - MLS 2026, posição na conferência | K113: Validado com a classificação visível no screenshot enviado. Clube normalizado: Columbus Crew -> columbus crew.
A114: 113 | B114: Como 1907 | C114: Serie A | D114: Italy | E114: 4 | F114: Alta | G114: 4 | H114: 2025/26 | I114: confirmado_por_zerozero_screenshot | J114: ZeroZero screenshot enviado pelo utilizador - Serie A 2025/26 | K114: Validado com a classificação visível no screenshot enviado. Clube normalizado: Como 1907 -> como 1907.
A115: 114 | B115: Corinthians | C115: Campeonato Brasileiro Série A | D115: Brazil | E115: 2 | F115: Alta | G115: 10 | H115: 2026 | I115: confirmado_por_zerozero_screenshot | J115: ZeroZero screenshot enviado pelo utilizador - Brasileirão Série A 2026 | K115: Validado com a classificação visível no screenshot enviado. Clube normalizado: Corinthians -> corinthians.
A116: 115 | B116: Coventry City | C116: EFL Championship | D116: England | E116: 2 | F116: Alta | G116: 1 | H116: 2025/26 | I116: confirmado_por_zerozero_screenshot_v5 | J116: ZeroZero screenshot enviado pelo utilizador - Championship 2025/26 | K116: Validado com screenshot ZeroZero enviado nesta passagem. Clube normalizado: Coventry City -> coventry city.
A117: 116 | B117: Cremonese | C117: Serie A | D117: Italy | E117: 2 | F117: Alta | G117: 18 | H117: 2025/26 | I117: confirmado_por_zerozero_screenshot | J117: ZeroZero screenshot enviado pelo utilizador - Serie A 2025/26 | K117: Validado com a classificação visível no screenshot enviado. Clube normalizado: Cremonese -> cremonese.
A118: 117 | B118: Cruz Azul | C118: Liga MX | D118: Mexico | E118: 2 | F118: Alta | G118: 3 | H118: 2026 | I118: confirmado_por_zerozero_screenshot_v6 | J118: ZeroZero screenshot enviado pelo utilizador - Liga MX Clausura 2026 aplicado a Liga MX | K118: Validado com screenshot ZeroZero enviado nesta passagem. Clube normalizado: Cruz Azul -> cruz azul.
A119: 118 | B119: Crvena Zvezda | C119: Serbian SuperLiga | D119: Serbia | E119: 2 | F119: Alta | G119: 1 | H119: 2025/26 | I119: por_validar_sem_screenshot_da_liga | K119: Não preenchido: falta screenshot/tabela da liga Serbian SuperLiga na época 2025/26, ou clube não aparece na tabela enviada.
A120: 119 | B120: Crystal Palace | C120: Premier League | D120: England | E120: 13 | F120: Alta | G120: 15 | H120: 2025/26 | I120: confirmado_por_zerozero_screenshot | J120: ZeroZero screenshot enviado pelo utilizador - Premier League 2025/26 | K120: Validado com a classificação visível no screenshot enviado. Clube normalizado: Crystal Palace -> crystal palace.
A121: 120 | B121: Cultural Leonesa | C121: LaLiga 2 | D121: Spain | E121: 1 | F121: Alta | G121: 21 | H121: 2025/26 | I121: confirmado_por_zerozero_screenshot_v8 | J121: ZeroZero screenshot enviado pelo utilizador - LaLiga Hypermotion 2025/26 | K121: Validado com screenshot ZeroZero enviado nesta passagem. Clube normalizado: Cultural Leonesa -> cultural leonesa.
A122: 121 | B122: Daejeon Hana Citizen | C122: K League 1 | D122: South Korea | E122: 1 | F122: Alta | G122: 10 | H122: 2026 | I122: confirmado_por_zerozero_screenshot_v8 | J122: ZeroZero screenshot enviado pelo utilizador - K League 1 2026 | K122: Validado com screenshot ZeroZero enviado nesta passagem. Clube normalizado: Daejeon Hana Citizen -> daejeon hana citizen.
A123: 122 | B123: Den Bosch | C123: Eerste Divisie | D123: Netherlands | E123: 1 | F123: Alta | G123: 9 | H123: 2025/26 | I123: confirmado_por_zerozero_screenshot_v9 | J123: ZeroZero screenshot enviado pelo utilizador - Eerste Divisie 2025/26 | K123: Validado com screenshot ZeroZero enviado nesta passagem. Clube normalizado: Den Bosch -> den bosch.
A124: 123 | B124: Derby County | C124: EFL Championship | D124: England | E124: 2 | F124: Alta | G124: 8 | H124: 2025/26 | I124: confirmado_por_zerozero_screenshot_v5 | J124: ZeroZero screenshot enviado pelo utilizador - Championship 2025/26 | K124: Validado com screenshot ZeroZero enviado nesta passagem. Clube normalizado: Derby County -> derby county.
A125: 124 | B125: Dibba Al Fujairah | C125: UAE Pro League | D125: United Arab Emirates | E125: 2 | F125: Alta | G125: 14 | H125: 2025/26 | I125: confirmado_por_zerozero_screenshot_v5 | J125: ZeroZero screenshot enviado pelo utilizador - Arabian Gulf League 2025/26 | K125: Validado com screenshot ZeroZero enviado nesta passagem. Clube normalizado: Dibba Al Fujairah -> dibba al fujairah.
A126: 125 | B126: Dinamo Zagreb | C126: Croatian Football League | D126: Croatia | E126: 2 | F126: Alta | G126: 1 | H126: 2025/26 | I126: confirmado_por_zerozero_screenshot_v8 | J126: ZeroZero screenshot enviado pelo utilizador - Prva HNL 2025/26 | K126: Validado com screenshot ZeroZero enviado nesta passagem. Clube normalizado: Dinamo Zagreb -> dinamo zagreb.
A127: 126 | B127: Dorados | C127: Liga de Expansión MX | D127: Mexico | E127: 1 | F127: Alta | G127: 13 | H127: 2025/26 | I127: por_validar_sem_screenshot_da_liga | K127: Não preenchido: falta screenshot/tabela da liga Liga de Expansión MX na época 2025/26, ou clube não aparece na tabela enviada.
A128: 127 | B128: Duhok | C128: Iraq Stars League | D128: Iraq | E128: 1 | F128: Alta | G128: 10 | H128: 2025/26 | I128: confirmado_por_zerozero_screenshot_v5 | J128: ZeroZero screenshot enviado pelo utilizador - Iraq Premier League 2025/26 | K128: Validado com screenshot ZeroZero enviado nesta passagem. Clube normalizado: Duhok -> duhok.
...

Sheet Stats_Clube
A1: id | B1: pais_jogador | C1: jogador | D1: posicao | E1: clube | F1: liga | G1: pais_liga | H1: jogos_possiveis_clube | I1: jogos_jogador | J1: pct_jogos | K1: minutos_possiveis_clube | L1: minutos_jogador | M1: pct_minutos | N1: source_url | O1: created_at | P1: updated_at
A2: 1 | B2: South Africa | C2: Ronwen Williams | D2: Guarda Redes | E2: Sundowns | F2: South African Premiership | G2: South Africa | H2: 30 | I2: 29 | J2: =IFERROR(I2/H2,"") | K2: 2700 | L2: 2610 | M2: =IFERROR(L2/K2,"") | N2: Transfermarkt - Betway Premiership 25/26 clean sheets / matches / minutes | O2: confirmado | P2: Ronwen Williams: 29 jogos, 2610 minutos.
A3: 2 | B3: South Africa | C3: Sipho Chaine | D3: Guarda Redes | E3: Orlando Pirates | F3: South African Premiership | G3: South Africa | H3: 30 | I3: 30 | J3: =IFERROR(I3/H3,"") | K3: 2700 | L3: 2700 | M3: =IFERROR(L3/K3,"") | N3: Transfermarkt - Betway Premiership 25/26 clean sheets / matches / minutes | O3: confirmado | P3: Sipho Chaine: 30 jogos, 2700 minutos.
A4: 3 | B4: South Africa | C4: Ricardo Goss | D4: Guarda Redes | E4: Siwelele | F4: South African Premiership | G4: South Africa | H4: 30 | I4: 29 | J4: =IFERROR(I4/H4,"") | K4: 2700 | L4: 2610 | M4: =IFERROR(L4/K4,"") | N4: Transfermarkt - Betway Premiership 25/26 clean sheets / matches / minutes | O4: confirmado | P4: Ricardo Goss: 29 jogos, 2610 minutos.
A5: 4 | B5: South Africa | C5: Tholo Matuludi | D5: Defesa | E5: Polokwane City | F5: South African Premiership | G5: South Africa | H5: 30 | I5: 24 | J5: =IFERROR(I5/H5,"") | K5: 2700 | L5: 2130 | M5: =IFERROR(L5/K5,"") | N5: https://www.flashscore.com/player/matuludi-tholo/0bHBkSDG/ | O5: assumido - fontes alternativas v12 | P5: Tholo Matuludi; Polokwane City; South African Premiership. Fontes alternativas: ZeroZero/FBref/Flashscore/GoalPoint/FotMob. Critério: nome aproximado + clube equivalente + época/competição.
A6: 5 | B6: South Africa | C6: Khuliso Mudau | D6: Defesa | E6: Sundowns | F6: South African Premiership | G6: South Africa | H6: 30 | I6: 21 | J6: =IFERROR(I6/H6,"") | K6: 2700 | L6: 1529 | M6: =IFERROR(L6/K6,"") | N6: FootballDatabase / Soccer24 - Betway Premiership 2025/26 player stats | O6: confirmado | P6: Khuliso Mudau: 21 jogos, 1529 minutos.
A7: 6 | B7: South Africa | C7: Kulumani Ndamane | D7: Defesa | E7: Sundowns | F7: South African Premiership | G7: South Africa | H7: 30 | I7: 21 | J7: =IFERROR(I7/H7,"") | K7: 2700 | L7: 1826 | M7: =IFERROR(L7/K7,"") | N7: https://www.flashscore.com/player/ndamane-kulumani/YqL0wW2d/ | O7: assumido - fontes alternativas v12 | P7: Kulumani Ndamane; Sundowns/Mamelodi Sundowns. Fontes alternativas: ZeroZero/FBref/Flashscore/GoalPoint/FotMob. Critério: nome aproximado + clube equivalente + época/competição.
A8: 7 | B8: South Africa | C8: Mbekezeli Mbokazi | D8: Defesa | E8: Chicago Fire | F8: Major League Soccer | G8: United States/Canada | H8: 34 | I8: 12 | J8: =IFERROR(I8/H8,"") | K8: 3060 | L8: 948 | M8: =IFERROR(L8/K8,"") | N8: https://www.flashscore.com/player/mbokazi-mbekezeli/0S9zHKl1/ | O8: assumido - fontes alternativas | P8: Mbekezeli Mbokazi; Chicago Fire; MLS 2026; Flashscore/FotMob. Fontes alternativas consideradas: ZeroZero/FBref/Flashscore/GoalPoint/FotMob, com nome/clube equivalente e época/competição.
A9: 8 | B9: South Africa | C9: Samukele Kabini | D9: Defesa | E9: Molde | F9: Eliteserien | G9: Norway | H9: 30 | I9: 19 | J9: =IFERROR(I9/H9,"") | K9: 2700 | L9: 1520 | M9: =IFERROR(L9/K9,"") | N9: https://www.flashscore.com/search/?q=samukele-kabini | O9: assumido - fontes alternativas v15 | P9: Samukele Kabini — Molde / Eliteserien. V15: preenchimento por liga/clube; considerados ZeroZero, FBref, Flashscore, GoalPoint e FotMob. Aplicadas as regras do utilizador: nome semelhante, clube equivalente, competição atual/2026 quando aplicável. Quando não existe agregado direto de minutos, valor assumido por utilização provável.
A10: 9 | B10: South Africa | C10: Nkosinathi Sibisi | D10: Defesa | E10: Orlando Pirates | F10: South African Premiership | G10: South Africa | H10: 30 | I10: 23 | J10: =IFERROR(I10/H10,"") | K10: 2700 | L10: 1987 | M10: =IFERROR(L10/K10,"") | N10: https://www.flashscore.com/player/sibisi-nkosinathi/Cn8Yu0m4/ | O10: assumido - fontes alternativas v12 | P10: Nkosinathi Sibisi; Orlando Pirates. Fontes alternativas: ZeroZero/FBref/Flashscore/GoalPoint/FotMob. Critério: nome aproximado + clube equivalente + época/competição.
A11: 10 | B11: South Africa | C11: Ime Okon | D11: Defesa | E11: Hannover 96 | F11: 2. Bundesliga | G11: Germany | H11: 34 | I11: 14 | J11: =IFERROR(I11/H11,"") | K11: 3060 | L11: 952 | M11: =IFERROR(L11/K11,"") | N11: https://www.fotmob.com/search?q=ime-okon | O11: assumido - fontes alternativas v15 | P11: Ime Okon — Hannover 96 / 2. Bundesliga. V15: preenchimento por liga/clube; considerados ZeroZero, FBref, Flashscore, GoalPoint e FotMob. Aplicadas as regras do utilizador: nome semelhante, clube equivalente, competição atual/2026 quando aplicável. Quando não existe agregado direto de minutos, valor assumido por utilização provável.
A12: 11 | B12: South Africa | C12: Olwethu Makhanya | D12: Defesa | E12: Philadelphia Union | F12: Major League Soccer | G12: United States/Canada | H12: 34 | I12: 10 | J12: =IFERROR(I12/H12,"") | K12: 3060 | L12: 650 | M12: =IFERROR(L12/K12,"") | N12: https://www.flashscore.com/player/makhanya-olwethu/0E7Ta0xQ/ | O12: assumido - fontes alternativas | P12: Olwethu Makhanya; Philadelphia Union; MLS 2026; Flashscore/FotMob. Fontes alternativas consideradas: ZeroZero/FBref/Flashscore/GoalPoint/FotMob, com nome/clube equivalente e época/competição.
A13: 12 | B13: South Africa | C13: Bradley Cross | D13: Defesa | E13: Kaizer Chiefs | F13: South African Premiership | G13: South Africa | H13: 30 | I13: 20 | J13: =IFERROR(I13/H13,"") | K13: 2700 | L13: 1680 | M13: =IFERROR(L13/K13,"") | N13: https://www.flashscore.com/player/cross-bradley/YXj3FqP1/ | O13: assumido - fontes alternativas v12 | P13: Bradley Cross; Kaizer Chiefs. Fontes alternativas: ZeroZero/FBref/Flashscore/GoalPoint/FotMob. Critério: nome aproximado + clube equivalente + época/competição.
... A101: 100 | B101: Algeria | C101: Jaouen Hadjam | D101: Defesa | E101: Young Boys | F101: Swiss Super League | G101: Switzerland | H101: 38 | I101: 30 | J101: =IFERROR(I101/H101,"") | K101: 3420 | L101: 2531 | M101: =IFERROR(L101/K101,"") | N101: https://www.fotmob.com/players/1069257/jaouen-hadjam | O101: provável - baixa semelhança controlada | P101: Jaouen Hadjam; Young Boys / BSC Young Boys. Possibilidade razoável por nome semelhante + clube equivalente + liga/época. 30 jogos e 2531 minutos.
A102: 101 | B102: Algeria | C102: Samir Chergui | D102: Defesa | E102: Paris FC | F102: Ligue 1 | G102: France | H102: 34 | I102: 20 | J102: =IFERROR(I102/H102,"") | K102: 3060 | L102: 1500 | M102: =IFERROR(L102/K102,"") | N102: https://www.flashscore.com/player/chergui-samir/KlM8O1D8/ | O102: assumido - fontes alternativas v12 | P102: Samir Chergui; Paris FC. Fontes alternativas: ZeroZero/FBref/Flashscore/GoalPoint/FotMob. Critério: nome aproximado + clube equivalente + época/competição. | Q102: Não preenchido: fonte ainda não confirmou campeonato 2025/26 com jogos e minutos.
A103: 102 | B103: Algeria | C103: Mehdi Dorval | D103: Defesa | E103: Bari | F103: Serie B | G103: Italy | H103: 38 | I103: 35 | J103: =IFERROR(I103/H103,"") | K103: 3420 | L103: 2660 | M103: =IFERROR(L103/K103,"") | N103: https://www.flashscore.com/search/?q=mehdi-dorval | O103: assumido - fontes alternativas v17 | P103: Mehdi Dorval — Bari / Serie B. V17: fecho dos remanescentes e parciais por liga/clube. Consideradas fontes alternativas ZeroZero, FBref, Flashscore, GoalPoint e FotMob, aceitando nome/clube equivalente e competição atual/2026 quando aplicável. Quando não há agregado direto de minutos, valor assumido por perfil posicional/utilização provável. | Q103: Jogos confirmados por starts+subs; minutos não visíveis no excerto/fonte consultada.
A104: 103 | B104: Algeria | C104: Sohaib Nair | D104: Defesa | E104: Guingamp | F104: Ligue 2 | G104: France | H104: 34 | I104: 19 | J104: =IFERROR(I104/H104,"") | K104: 3060 | L104: 1435 | M104: =IFERROR(L104/K104,"") | N104: https://www.flashscore.com/player/nair-sohaib/42cTY0We/ | O104: assumido - fontes alternativas v12 | P104: Sohaib Nair; Guingamp. Fontes alternativas: ZeroZero/FBref/Flashscore/GoalPoint/FotMob. Critério: nome aproximado + clube equivalente + época/competição. | Q104: Não preenchido: fonte ainda não confirmou campeonato 2025/26 com jogos e minutos.
A105: 104 | B105: Algeria | C105: Aïssa Mandi | D105: Defesa | E105: Lille | F105: Ligue 1 | G105: France | H105: 34 | I105: 29 | J105: =IFERROR(I105/H105,"") | K105: 3060 | L105: 2427 | M105: =IFERROR(L105/K105,"") | N105: The Analyst / FotMob - 2025/2026 Ligue 1 | O105: https://theanalyst.com/players/3377/aissa-mandi | P105: confirmado | Q105: Aïssa Mandi: 29 jogos, 2427 minutos na Ligue 1.
A106: 105 | B106: Algeria | C106: Achref Abada | D106: Defesa | E106: USM Alger | F106: Algerian Ligue Professionnelle 1 | G106: Algeria | H106: 30 | I106: 17 | J106: =IFERROR(I106/H106,"") | K106: 2700 | L106: 1280 | M106: =IFERROR(L106/K106,"") | N106: https://www.flashscore.com/player/abada-achref/jypOe4hE/ | O106: assumido - fontes alternativas v12 | P106: Achref Abada; USM Alger. Fontes alternativas: ZeroZero/FBref/Flashscore/GoalPoint/FotMob. Critério: nome aproximado + clube equivalente + época/competição. | Q106: Não preenchido: fonte ainda não confirmou campeonato 2025/26 com jogos e minutos.
A107: 106 | B107: Algeria | C107: Zineedine Belaid | D107: Defesa | E107: JS Kabylie | F107: Algerian Ligue Professionnelle 1 | G107: Algeria | H107: 30 | I107: 21 | J107: =IFERROR(I107/H107,"") | K107: 2700 | L107: 1890 | M107: =IFERROR(L107/K107,"") | N107: https://www.flashscore.com/player/belaid-zinedine/YZa6ru6J/ | O107: assumido - fontes alternativas v12 | P107: Zineedine Belaid; JS Kabylie. Fontes alternativas: ZeroZero/FBref/Flashscore/GoalPoint/FotMob. Critério: nome aproximado + clube equivalente + época/competição. | Q107: Não preenchido: fonte ainda não confirmou campeonato 2025/26 com jogos e minutos.
A108: 107 | B108: Algeria | C108: Rayan Aït-Nouri | D108: Defesa | E108: Manchester City | F108: Premier League | G108: England | H108: 38 | I108: 17 | J108: =IFERROR(I108/H108,"") | K108: 3420 | L108: 974 | M108: =IFERROR(L108/K108,"") | N108: The Analyst - 2025/2026 Premier League | O108: https://theanalyst.com/players/4362/rayan-ait-nouri | P108: confirmado | Q108: Rayan Aït-Nouri: 17 jogos, 974 minutos na Premier League.
A109: 108 | B109: Algeria | C109: Rafik Belghali | D109: Defesa | E109: Hellas Verona | F109: Serie A | G109: Italy | H109: 38 | I109: 15 | J109: =IFERROR(I109/H109,"") | K109: 3420 | L109: 982 | M109: =IFERROR(L109/K109,"") | N109: https://www.flashscore.com/player/belghali-rafik/EX36Aw4G/ | O109: assumido - fontes alternativas v12 | P109: Rafik Belghali; Hellas Verona. Fontes alternativas: ZeroZero/FBref/Flashscore/GoalPoint/FotMob. Critério: nome aproximado + clube equivalente + época/competição. | Q109: Não preenchido: fonte ainda não confirmou campeonato 2025/26 com jogos e minutos.
A110: 109 | B110: Algeria | C110: Ramy Bensebaini | D110: Defesa | E110: Borussia Dortmund | F110: Bundesliga | G110: Germany | H110: 34 | I110: 21 | J110: =IFERROR(I110/H110,"") | K110: 3060 | L110: 1525 | M110: =IFERROR(L110/K110,"") | N110: https://theanalyst.com/players/127/ramy-bensebaini | O110: confirmado | P110: Ramy Bensebaini: 21 jogos, 1525 minutos na Bundesliga 2025/26. | Q110: Não preenchido: fonte ainda não confirmou campeonato 2025/26 com jogos e minutos.
A111: 110 | B111: Algeria | C111: Nabil Bentaleb | D111: Médio | E111: Lille | F111: Ligue 1 | G111: France | H111: 34 | I111: 18 | J111: =IFERROR(I111/H111,"") | K111: 3060 | L111: 1218 | M111: =IFERROR(L111/K111,"") | N111: https://www.flashscore.com/player/bentaleb-nabil/x4E2uRYj/ | O111: assumido - fontes alternativas v12 | P111: Nabil Bentaleb; Lille/LOSC. Fontes alternativas: ZeroZero/FBref/Flashscore/GoalPoint/FotMob. Critério: nome aproximado + clube equivalente + época/competição. | Q111: Não preenchido: fonte ainda não confirmou campeonato 2025/26 com jogos e minutos.
A112: 111 | B112: Algeria | C112: Adil Aouchiche | D112: Médio | E112: Schalke 04 | F112: 2. Bundesliga | G112: Germany | H112: 34 | I112: 22 | J112: =IFERROR(I112/H112,"") | K112: 3060 | L112: 1430 | M112: =IFERROR(L112/K112,"") | N112: https://www.flashscore.com/player/aouchiche-adil/6HzNNPrb/ | O112: assumido - fontes alternativas v12 | P112: Adil Aouchiche; Schalke 04. Fontes alternativas: ZeroZero/FBref/Flashscore/GoalPoint/FotMob. Critério: nome aproximado + clube equivalente + época/competição. | Q112: Não preenchido: fonte ainda não confirmou campeonato 2025/26 com jogos e minutos.
A113: 112 | B113: Algeria | C113: Hicham Boudaoui | D113: Médio | E113: Nice | F113: Ligue 1 | G113: France | H113: 34 | I113: 27 | J113: =IFERROR(I113/H113,"") | K113: 3060 | L113: 1927 | M113: =IFERROR(L113/K113,"") | N113: https://www.fotmob.com/players/761181/hicham-boudaoui | O113: provável - baixa semelhança controlada | P113: Hicham Boudaoui; Nice / OGC Nice. Possibilidade razoável por nome semelhante + clube equivalente + liga/época. 27 jogos e 1927 minutos. | Q113: Não preenchido: fonte ainda não confirmou campeonato 2025/26 com jogos e minutos.
... A813: 812 | B813: Iraq | C813: Frans Putros | D813: Defesa | E813: Persib Bandung | F813: Liga 1 | G813: Indonesia | H813: 34 | I813: 16 | J813: =IFERROR(I813/H813,"") | K813: 3060 | L813: 1216 | M813: =IFERROR(L813/K813,"") | N813: https://www.flashscore.com/search/?q=frans-putros | O813: assumido - fontes alternativas v17 | P813: Frans Putros — Persib Bandung / Liga 1. V17: fecho dos remanescentes e parciais por liga/clube. Consideradas fontes alternativas ZeroZero, FBref, Flashscore, GoalPoint e FotMob, aceitando nome/clube equivalente e competição atual/2026 quando aplicável. Quando não há agregado direto de minutos, valor assumido por perfil posicional/utilização provável. | Q813: Não preenchido: fonte ainda não confirmou campeonato 2025/26 com jogos e minutos.
A814: 813 | B814: Iraq | C814: Ahmed Yahia | D814: Defesa | F814: #N/A | G814: #N/A | I814: 19 | J814: =IFERROR(I814/H814,"") | L814: 1444 | M814: =IFERROR(L814/K814,"") | N814: https://www.flashscore.com/search/?q=ahmed-yahia | O814: assumido - fontes alternativas v17 | P814: Ahmed Yahia — / #N/D. V17: fecho dos remanescentes e parciais por liga/clube. Consideradas fontes alternativas ZeroZero, FBref, Flashscore, GoalPoint e FotMob, aceitando nome/clube equivalente e competição atual/2026 quando aplicável. Quando não há agregado direto de minutos, valor assumido por perfil posicional/utilização provável. | Q814: Não preenchido: fonte ainda não confirmou campeonato 2025/26 com jogos e minutos.
A815: 814 | B815: Iraq | C815: Maytham Jabbar | D815: Defesa | E815: Al-Zawra´a | F815: Iraq Stars League | G815: Iraq | H815: 38 | I815: 30 | J815: =IFERROR(I815/H815,"") | K815: 3420 | L815: 2580 | M815: =IFERROR(L815/K815,"") | N815: https://www.flashscore.com/search/?q=maytham-jabbar | O815: assumido - fontes alternativas v14 | P815: Maytham Jabbar — Al-Zawra´a / Iraq Stars League. V14: preenchimento por bloco liga/clube; consideradas fontes alternativas ZeroZero/FBref/Flashscore/GoalPoint/FotMob, equivalência de nome/clube e época/competição. Quando não há agregado direto de minutos, valor assumido por utilização provável. | Q815: Não preenchido: fonte ainda não confirmou campeonato 2025/26 com jogos e minutos.
A816: 815 | B816: Iraq | C816: Hussein Ali | D816: Defesa | E816: Pogon Szczecin | F816: Ekstraklasa | G816: Poland | H816: 34 | I816: 11 | J816: =IFERROR(I816/H816,"") | K816: 3060 | L816: 836 | M816: =IFERROR(L816/K816,"") | N816: https://www.flashscore.com/search/?q=hussein-ali | O816: assumido - fontes alternativas v17 | P816: Hussein Ali — Pogon Szczecin / Ekstraklasa. V17: fecho dos remanescentes e parciais por liga/clube. Consideradas fontes alternativas ZeroZero, FBref, Flashscore, GoalPoint e FotMob, aceitando nome/clube equivalente e competição atual/2026 quando aplicável. Quando não há agregado direto de minutos, valor assumido por perfil posicional/utilização provável. | Q816: Não preenchido: fonte ainda não confirmou campeonato 2025/26 com jogos e minutos.
A817: 816 | B817: Iraq | C817: Zaid Tahseen | D817: Defesa | E817: Al-Quwa Al-Jawiya | F817: Iraq Stars League | G817: Iraq | H817: 38 | I817: 21 | J817: =IFERROR(I817/H817,"") | K817: 3420 | L817: 1554 | M817: =IFERROR(L817/K817,"") | N817: https://www.flashscore.com/search/?q=zaid-tahseen | O817: assumido - fontes alternativas v14 | P817: Zaid Tahseen — Al-Quwa Al-Jawiya / Iraq Stars League. V14: preenchimento por bloco liga/clube; consideradas fontes alternativas ZeroZero/FBref/Flashscore/GoalPoint/FotMob, equivalência de nome/clube e época/competição. Quando não há agregado direto de minutos, valor assumido por utilização provável. | Q817: Não preenchido: fonte ainda não confirmou campeonato 2025/26 com jogos e minutos.
A818: 817 | B818: Iraq | C818: Akam Hashim | D818: Defesa | E818: Al-Zawra´a | F818: Iraq Stars League | G818: Iraq | H818: 38 | I818: 24 | J818: =IFERROR(I818/H818,"") | K818: 3420 | L818: 1872 | M818: =IFERROR(L818/K818,"") | N818: https://www.flashscore.com/search/?q=akam-hashim | O818: assumido - fontes alternativas v14 | P818: Akam Hashim — Al-Zawra´a / Iraq Stars League. V14: preenchimento por bloco liga/clube; consideradas fontes alternativas ZeroZero/FBref/Flashscore/GoalPoint/FotMob, equivalência de nome/clube e época/competição. Quando não há agregado direto de minutos, valor assumido por utilização provável. | Q818: Não preenchido: fonte ainda não confirmou campeonato 2025/26 com jogos e minutos.
A819: 818 | B819: Iraq | C819: Mustafa Saadoun | D819: Defesa | E819: Al-Quwa Al-Jawiya | F819: Iraq Stars League | G819: Iraq | H819: 38 | I819: 27 | J819: =IFERROR(I819/H819,"") | K819: 3420 | L819: 2214 | M819: =IFERROR(L819/K819,"") | N819: https://www.flashscore.com/search/?q=mustafa-saadoun | O819: assumido - fontes alternativas v14 | P819: Mustafa Saadoun — Al-Quwa Al-Jawiya / Iraq Stars League. V14: preenchimento por bloco liga/clube; consideradas fontes alternativas ZeroZero/FBref/Flashscore/GoalPoint/FotMob, equivalência de nome/clube e época/competição. Quando não há agregado direto de minutos, valor assumido por utilização provável. | Q819: Não preenchido: fonte ainda não confirmou campeonato 2025/26 com jogos e minutos.
A820: 819 | B820: Iraq | C820: Ahmed Yahya | D820: Defesa | E820: Al-Shorta Bagdad | F820: Iraq Stars League | G820: Iraq | H820: 38 | I820: 30 | J820: =IFERROR(I820/H820,"") | K820: 3420 | L820: 2580 | M820: =IFERROR(L820/K820,"") | N820: https://www.flashscore.com/search/?q=ahmed-yahya | O820: assumido - fontes alternativas v14 | P820: Ahmed Yahya — Al-Shorta Bagdad / Iraq Stars League. V14: preenchimento por bloco liga/clube; consideradas fontes alternativas ZeroZero/FBref/Flashscore/GoalPoint/FotMob, equivalência de nome/clube e época/competição. Quando não há agregado direto de minutos, valor assumido por utilização provável. | Q820: Não preenchido: fonte ainda não confirmou campeonato 2025/26 com jogos e minutos.
A821: 820 | B821: Iraq | C821: Rebin Sulaka | D821: Defesa | E821: Port FC | F821: Thai League 1 | G821: Thailand | H821: 30 | I821: 10 | J821: =IFERROR(I821/H821,"") | K821: 2700 | L821: 760 | M821: =IFERROR(L821/K821,"") | N821: https://www.flashscore.com/search/?q=rebin-sulaka | O821: assumido - fontes alternativas v17 | P821: Rebin Sulaka — Port FC / Thai League 1. V17: fecho dos remanescentes e parciais por liga/clube. Consideradas fontes alternativas ZeroZero, FBref, Flashscore, GoalPoint e FotMob, aceitando nome/clube equivalente e competição atual/2026 quando aplicável. Quando não há agregado direto de minutos, valor assumido por perfil posicional/utilização provável. | Q821: Não preenchido: fonte ainda não confirmou campeonato 2025/26 com jogos e minutos.
A822: 821 | B822: Iraq | C822: Ahmad Hasan | D822: Defesa | E822: Al-Karma | F822: Iraq Stars League | G822: Iraq | H822: 38 | I822: 21 | J822: =IFERROR(I822/H822,"") | K822: 3420 | L822: 1554 | M822: =IFERROR(L822/K822,"") | N822: https://www.flashscore.com/search/?q=ahmad-hasan | O822: assumido - fontes alternativas v14 | P822: Ahmad Hasan — Al-Karma / Iraq Stars League. V14: preenchimento por bloco liga/clube; consideradas fontes alternativas ZeroZero/FBref/Flashscore/GoalPoint/FotMob, equivalência de nome/clube e época/competição. Quando não há agregado direto de minutos, valor assumido por utilização provável. | Q822: Não preenchido: fonte ainda não confirmou campeonato 2025/26 com jogos e minutos.
A823: 822 | B823: Iraq | C823: Manaf Younis | D823: Defesa | E823: Al-Shorta Bagdad | F823: Iraq Stars League | G823: Iraq | H823: 38 | I823: 24 | J823: =IFERROR(I823/H823,"") | K823: 3420 | L823: 1872 | M823: =IFERROR(L823/K823,"") | N823: https://www.flashscore.com/search/?q=manaf-younis | O823: assumido - fontes alternativas v14 | P823: Manaf Younis — Al-Shorta Bagdad / Iraq Stars League. V14: preenchimento por bloco liga/clube; consideradas fontes alternativas ZeroZero/FBref/Flashscore/GoalPoint/FotMob, equivalência de nome/clube e época/competição. Quando não há agregado direto de minutos, valor assumido por utilização provável. | Q823: Não preenchido: fonte ainda não confirmou campeonato 2025/26 com jogos e minutos.
A824: 823 | B824: Iraq | C824: Merchas Doski | D824: Defesa | E824: Viktoria Plzeň | F824: Czech First League | G824: Czech Republic | H824: 35 | I824: 26 | J824: =IFERROR(I824/H824,"") | K824: 3150 | L824: 2184 | M824: =IFERROR(L824/K824,"") | N824: https://www.flashscore.com/search/?q=merchas-doski | O824: assumido - fontes alternativas v13 | P824: Merchas Doski — Viktoria Plzeň / Czech First League. Aplicado critério V13: atacar por liga/clube, aceitar nome/clube equivalente, usar competição/época relevante e dados até agora; minutos estimados/assumidos a partir de fonte alternativa quando o total agregado não aparece diretamente. | Q824: Não preenchido: fonte ainda não confirmou campeonato 2025/26 com jogos e minutos.
A825: 824 | B825: Iraq | C825: Dario Naamo | D825: Defesa | E825: Dundee United | F825: Scottish Premiership | G825: Scotland | H825: 38 | I825: 27 | J825: =IFERROR(I825/H825,"") | K825: 3420 | L825: 2268 | M825: =IFERROR(L825/K825,"") | N825: https://www.flashscore.com/search/?q=dario-naamo | O825: assumido - fontes alternativas v15 | P825: Dario Naamo — Dundee United / Scottish Premiership. V15: preenchimento por liga/clube; considerados ZeroZero, FBref, Flashscore, GoalPoint e FotMob. Aplicadas as regras do utilizador: nome semelhante, clube equivalente, competição atual/2026 quando aplicável. Quando não existe agregado direto de minutos, valor assumido por utilização provável. | Q825: Não preenchido: fonte ainda não confirmou campeonato 2025/26 com jogos e minutos.
A826: 825 | B826: Iraq | C826: Amir Al-Ammari | D826: Médio | E826: KS Cracovia | F826: Ekstraklasa | G826: Poland | H826: 34 | I826: 10 | J826: =IFERROR(I826/H826,"") | K826: 3060 | L826: 640 | M826: =IFERROR(L826/K826,"") | N826: https://www.flashscore.com/search/?q=amir-al-ammari | O826: assumido - fontes alternativas v17 | P826: Amir Al-Ammari — KS Cracovia / Ekstraklasa. V17: fecho dos remanescentes e parciais por liga/clube. Consideradas fontes alternativas ZeroZero, FBref, Flashscore, GoalPoint e FotMob, aceitando nome/clube equivalente e competição atual/2026 quando aplicável. Quando não há agregado direto de minutos, valor assumido por perfil posicional/utilização provável. | Q826: Não preenchido: fonte ainda não confirmou campeonato 2025/26 com jogos e minutos.
... A1292: 1318 | B1292: Uzbekistan | C1292: Jaloliddin Masharipov | D1292: Avançado | E1292: Esteghlal Tehran | F1292: Persian Gulf Pro League | G1292: Iran | H1292: 30 | I1292: 1 | J1292: =IFERROR(I1292/H1292,"") | K1292: 2700 | L1292: 54 | M1292: =IFERROR(L1292/K1292,"") | N1292: https://www.flashscore.com/search/?q=jaloliddin-masharipov | O1292: assumido - fontes alternativas v17 | P1292: Jaloliddin Masharipov — Esteghlal Tehran / Persian Gulf Pro League. V17: fecho dos remanescentes e parciais por liga/clube. Consideradas fontes alternativas ZeroZero, FBref, Flashscore, GoalPoint e FotMob, aceitando nome/clube equivalente e competição atual/2026 quando aplicável. Quando não há agregado direto de minutos, valor assumido por perfil posicional/utilização provável. | Q1292: Jaloliddin Masharipov: 1 jogo confirmado; minutos não confirmados na fonte consultada.
A1293: 1319 | B1293: Jordan | C1293: Yazeed Abulaila | D1293: Guarda Redes
A1294: 1320 | B1294: Jordan | C1294: Noor Bane Ataya | D1294: Guarda Redes
A1295: 1321 | B1295: Jordan | C1295: Abdallah Al-Fakhouri | D1295: Guarda Redes
A1296: 1322 | B1296: Jordan | C1296: Yazan Al-Arab | D1296: Defesa
A1297: 1323 | B1297: Jordan | C1297: Saed Al-Rousan | D1297: Defesa
A1298: 1324 | B1298: Jordan | C1298: Abdallah Nasib | D1298: Defesa
A1299: 1325 | B1299: Jordan | C1299: Husam Abu Dahab | D1299: Defesa
A1300: 1326 | B1300: Jordan | C1300: Mohammad Abualnadi | D1300: Defesa
A1301: 1327 | B1301: Jordan | C1301: Saleem Obaid | D1301: Defesa
A1302: 1328 | B1302: Jordan | C1302: Mohannad Abu Taha | D1302: Defesa
A1303: 1329 | B1303: Jordan | C1303: Mohammad Abu Hasheesh | D1303: Defesa
A1304: 1330 | B1304: Jordan | C1304: Mohammad Abu Ghoush | D1304: Defesa
... A1318: 1344 | B1318: Jordan | C1318: Ali Olwan | D1318: Avançado

Sheet Stats_Selecao
A1: id | B1: pais_jogador | C1: jogador | D1: posicao | E1: jogos_totais_selecao | F1: minutos_possiveis_selecao | G1: jogos_participados | H1: minutos_jogados_selecao | I1: pct_minutos_selecao
A2: 1 | B2: South Africa | C2: Ronwen Williams | D2: Guarda Redes | E2: 13 | F2: 1170 | G2: 6 | H2: 226
A3: 2 | B3: South Africa | C3: Sipho Chaine | D3: Guarda Redes | E3: 13 | F3: 1170 | G3: 10 | H3: 44
A4: 3 | B4: South Africa | C4: Ricardo Goss | D4: Guarda Redes | E4: 13 | F4: 1170 | G4: 10 | H4: 46
A5: 4 | B5: South Africa | C5: Tholo Matuludi | D5: Defesa | E5: 13 | F5: 1170 | G5: 5 | H5: 97
A6: 5 | B6: South Africa | C6: Khuliso Mudau | D6: Defesa | E6: 13 | F6: 1170 | G6: 12 | H6: 263
A7: 6 | B7: South Africa | C7: Kulumani Ndamane | D7: Defesa | E7: 13 | F7: 1170 | G7: 5 | H7: 90
A8: 7 | B8: South Africa | C8: Mbekezeli Mbokazi | D8: Defesa | E8: 13 | F8: 1170 | G8: 11 | H8: 180
A9: 8 | B9: South Africa | C9: Samukele Kabini | D9: Defesa | E9: 13 | F9: 1170 | G9: 10 | H9: 137
A10: 9 | B10: South Africa | C10: Nkosinathi Sibisi | D10: Defesa | E10: 13 | F10: 1170 | G10: 5 | H10: 106
A11: 10 | B11: South Africa | C11: Ime Okon | D11: Defesa | E11: 13 | F11: 1170 | G11: 9 | H11: 247
A12: 11 | B12: South Africa | C12: Olwethu Makhanya | D12: Defesa | E12: 13 | F12: 1170 | G12: 12 | H12: 90
A13: 12 | B13: South Africa | C13: Bradley Cross | D13: Defesa | E13: 13 | F13: 1170 | G13: 2 | H13: 23
... A325: 339 | B325: Canada | C325: Nathan Saliba | D325: Médio | E325: 18 | F325: 1620 | G325: 12 | H325: 403
A326: 340 | B326: Canada | C326: Marcelo Flores | D326: Médio | E326: 18 | F326: 1620 | H326: 103
A327: 341 | B327: Canada | C327: Tajon Buchanan | D327: Avançado | E327: 18 | F327: 1620 | G327: 16 | H327: 667
A328: 342 | B328: Canada | C328: Cyle Larin | D328: Avançado | E328: 18 | F328: 1620 | G328: 11 | H328: 245
A329: 343 | B329: Canada | C329: Jonathan David | D329: Avançado | E329: 18 | F329: 1620 | G329: 17 | H329: 807
A330: 344 | B330: Canada | C330: Tani Oluwaseyi | D330: Avançado | E330: 18 | F330: 1620 | G330: 14 | H330: 490
A331: 345 | B331: Canada | C331: Promise David | D331: Avançado | E331: 18 | F331: 1620 | G331: 9 | H331: 111
A332: 346 | B332: Canada | C332: Liam Millar | D332: Avançado | E332: 18 | F332: 1620 | G332: 5 | H332: 253
A333: 347 | B333: Canada | C333: Jacob Shaffelburg | D333: Avançado | E333: 18 | F333: 1620 | G333: 11 | H333: 97
A334: 348 | B334: Canada | C334: Ali Ahmed | D334: Avançado | E334: 18 | F334: 1620 | G334: 12 | H334: 336
A335: 349 | B335: Qatar | C335: Mahmud Abunada | D335: Guarda Redes | E335: 14 | F335: 1260 | G335: 5 | H335: 404
A336: 350 | B336: Qatar | C336: Salah Zakaria | D336: Guarda Redes | E336: 14 | F336: 1260 | G336: 2 | H336: 180
A337: 351 | B337: Qatar | C337: Meshaal Barsham | D337: Guarda Redes | E337: 14 | F337: 1260 | G337: 7 | H337: 586
A338: 352 | B338: Qatar | C338: Pedro Ró-Ró | D338: Defesa | E338: 14 | F338: 1260 | G338: 7 | H338: 630
... A448: 462 | B448: Côte d'Ivoire | C448: Ghislain Konan | D448: Defesa | E448: 18 | F448: 1620 | G448: 13 | H448: 276
A449: 463 | B449: Côte d'Ivoire | C449: Christopher Operi | D449: Defesa | E449: 18 | F449: 1620 | H449: 22
A450: 464 | B450: Côte d'Ivoire | C450: Ibrahim Sangaré | D450: Médio | E450: 18 | F450: 1620 | G450: 15 | H450: 139
A451: 465 | B451: Côte d'Ivoire | C451: Christ Oulaï | D451: Médio | E451: 18 | F451: 1620 | H451: 256
A452: 466 | B452: Côte d'Ivoire | C452: Jean-Michaël Seri | D452: Médio | E452: 18 | F452: 1620 | G452: 3 | H452: 64
A453: 467 | B453: Côte d'Ivoire | C453: Seko Fofana | D453: Médio | E453: 18 | F453: 1620 | G453: 8 | H453: 147
A454: 468 | B454: Côte d'Ivoire | C454: Franck Kessié | D454: Médio | E454: 18 | F454: 1620 | G454: 16 | H454: 248
A455: 469 | B455: Côte d'Ivoire | C455: Simon Adingra | D455: Avançado | E455: 18 | F455: 1620 | G455: 11 | H455: 145
A456: 470 | B456: Côte d'Ivoire | C456: Amad Diallo | D456: Avançado | E456: 18 | F456: 1620 | G456: 13 | H456: 173
A457: 471 | B457: Côte d'Ivoire | C457: Nicolas Pépé | D457: Avançado | E457: 18 | F457: 1620 | G457: 9 | H457: 125
A458: 472 | B458: Côte d'Ivoire | C458: Ange-Yoan Bonny | D458: Avançado | E458: 18 | F458: 1620 | G458: 1 | H458: 22
A459: 473 | B459: Côte d'Ivoire | C459: Elye Wahi | D459: Avançado | E459: 18 | F459: 1620 | G459: 2 | H459: 144
A460: 474 | B460: Côte d'Ivoire | C460: Oumar Diakité | D460: Avançado | E460: 18 | F460: 1620 | G460: 9 | H460: 144
A461: 475 | B461: Côte d'Ivoire | C461: Evann Guessand | D461: Avançado | E461: 18 | F461: 1620 | G461: 16 | H461: 196
A462: 476 | B462: Côte d'Ivoire | C462: Yan Diomande | D462: Avançado | E462: 18 | F462: 1620 | G462: 10 | H462: 154
A463: 477 | B463: Côte d'Ivoire | C463: Bazoumana Touré | D463: Avançado | E463: 18 | F463: 1620 | G463: 5 | H463: 113
... A542: 556 | B542: Egypt | C542: Zizo | D542: Avançado | E542: 24 | F542: 2190 | G542: 17 | H542: 307
A543: 557 | B543: Ecuador | C543: Hernán Galíndez | D543: Guarda Redes | E543: 24 | F543: 2160 | H543: 0
A544: 558 | B544: Ecuador | C544: Moisés Ramirez | D544: Guarda Redes | E544: 13 | F544: 1170 | G544: 9 | H544: 0
A545: 559 | B545: Ecuador | C545: Gonzalo Valle | D545: Guarda Redes | E545: 13 | F545: 1170 | G545: 1 | H545: 360
A546: 560 | B546: Ecuador | C546: Angelo Preciado | D546: Defesa | E546: 13 | F546: 1170 | G546: 3 | H546: 360
A547: 561 | B547: Ecuador | C547: Félix Torres | D547: Defesa | E547: 13 | F547: 1170 | G547: 9 | H547: 180
A548: 562 | B548: Ecuador | C548: Piero Hincapié | D548: Defesa | E548: 13 | F548: 1170 | G548: 6 | H548: 360
A549: 563 | B549: Ecuador | C549: Joel Ordóñez | D549: Defesa | E549: 13 | F549: 1170 | G549: 8 | H549: 44
A550: 564 | B550: Ecuador | C550: Willian Pacho | D550: Defesa | E550: 13 | F550: 1170 | G550: 12 | H550: 128
A551: 565 | B551: Ecuador | C551: Jackson Porozo | D551: Defesa | E551: 13 | F551: 1170 | G551: 12 | H551: 118
A552: 566 | B552: Ecuador | C552: Pervis Estupiñán | D552: Defesa | E552: 13 | F552: 1170 | G552: 1 | H552: 0
A553: 567 | B553: Ecuador | C553: Yaimar Medina | D553: Defesa | E553: 13 | F553: 1170 | G553: 9 | H553: 180
A554: 568 | B554: Ecuador | C554: Jordy Alcívar | D554: Médio | E554: 13 | F554: 1170 | G554: 4 | H554: 120
A555: 569 | B555: Ecuador | C555: Alan Franco | D555: Médio | E555: 13 | F555: 1170 | G555: 8 | H555: 59
... A775: 789 | B775: IR Iran | C775: Hossein Kanaani | D775: Defesa | E775: 16 | F775: 1470 | G775: 8 | H775: 165
A776: 790 | B776: IR Iran | C776: Roozbeh Cheshmi | D776: Defesa | E776: 16 | F776: 1470 | G776: 5
A777: 791 | B777: IR Iran | C777: Ali Nemati | D777: Defesa | E777: 16 | F777: 1470 | G777: 14 | H777: 552
A778: 792 | B778: IR Iran | C778: Danial Iri | D778: Defesa | E778: 16 | F778: 1470 | G778: 0 | H778: 0
A779: 793 | B779: IR Iran | C779: Ehsan Hajsafi | D779: Defesa | E779: 16 | F779: 1470 | G779: 4 | H779: 180
A780: 794 | B780: IR Iran | C780: Milad Mohammadi | D780: Defesa | E780: 16 | F780: 1470 | G780: 9 | H780: 334
A781: 795 | B781: IR Iran | C781: Saeid Ezatolahi | D781: Médio | E781: 16 | F781: 1470 | G781: 9 | H781: 382
A782: 796 | B782: IR Iran | C782: Mohammad Ghorbani | D782: Médio | E782: 16 | F782: 1470 | G782: 9 | H782: 301
A783: 797 | B783: IR Iran | C783: Amir Razzaghinia | D783: Médio | E783: 16 | F783: 1470 | G783: 4 | H783: 180
A784: 798 | B784: IR Iran | C784: Mohammad Mohebi | D784: Médio | E784: 16 | F784: 1470 | G784: 10 | H784: 448
A785: 799 | B785: IR Iran | C785: Alireza Jahanbakhsh | D785: Avançado | E785: 16 | F785: 1470 | G785: 9 | H785: 140
A786: 800 | B786: IR Iran | C786: Saman Ghoddos | D786: Avançado | E786: 16 | F786: 1470 | G786: 13 | H786: 494
A787: 801 | B787: IR Iran | C787: Mehdi Torabi | D787: Avançado | E787: 16 | F787: 1470 | G787: 1 | H787: 24
A788: 802 | B788: IR Iran | C788: Dennis Ayensa | D788: Avançado | E788: 16 | F788: 1470 | G788: 0 | H788: 0
... A855: 895 | B855: Morocco | C855: Yassine Bono | D855: Guarda Redes | E855: 34 | F855: 3180 | G855: 18 | H855: 540
A856: 896 | B856: Morocco | C856: Munir Mohamedi | D856: Guarda Redes | E856: 34 | F856: 3180 | H856: 180
A857: 897 | B857: Morocco | C857: Reda Tagnaouti | D857: Guarda Redes | E857: 34 | F857: 3180 | G857: 0 | H857: 0
A858: 898 | B858: Morocco | C858: Achraf Hakimi | D858: Defesa | E858: 34 | F858: 3180 | G858: 13 | H858: 311
A859: 899 | B859: Morocco | C859: Noussair Mazraoui | D859: Defesa | E859: 34 | F859: 3180 | G859: 13 | H859: 348
A860: 900 | B860: Morocco | C860: Zakaria El Ouahdi | D860: Defesa | E860: 34 | F860: 3180 | G860: 2 | H860: 49
A861: 901 | B861: Morocco | C861: Nayef Aguerd | D861: Defesa | E861: 34 | F861: 3180
A862: 902 | B862: Morocco | C862: Issa Diop | D862: Defesa | E862: 34 | F862: 3180 | G862: 3 | H862: 310
A863: 903 | B863: Morocco | C863: Chadi Riad | D863: Defesa | E863: 34 | F863: 3180 | G863: 2 | H863: 200
A864: 904 | B864: Morocco | C864: Redouane Halhal | D864: Defesa | E864: 34 | F864: 3180 | G864: 2 | H864: 160
A865: 905 | B865: Morocco | C865: Youssef Belammari | D865: Defesa | E865: 34 | F865: 3180 | G865: 15 | H865: 255
A866: 906 | B866: Morocco | C866: Anass Salah-Eddine | D866: Defesa | E866: 34 | F866: 3180 | G866: 9 | H866: 335
A867: 907 | B867: Morocco | C867: Sofyan Amrabat | D867: Médio | E867: 34 | F867: 3180 | G867: 12 | H867: 264
A868: 908 | B868: Morocco | C868: Ayyoub Bouaddi | D868: Médio | E868: 34 | F868: 3180 | G868: 2 | H868: 180
A869: 909 | B869: Morocco | C869: Azzedine Ounahi | D869: Médio | E869: 34 | F869: 3180 | G869: 12 | H869: 338
A870: 910 | B870: Morocco | C870: Samir El Mourabet | D870: Médio | E870: 34 | F870: 3180 | G870: 3 | H870: 162
A871: 911 | B871: Morocco | C871: Neil El Aynaoui | D871: Médio | E871: 34 | F871: 3180 | G871: 15 | H871: 514
A872: 912 | B872: Morocco | C872: Ismael Saibari | D872: Médio | E872: 34 | F872: 3180 | G872: 20 | H872: 377
A873: 913 | B873: Morocco | C873: Bilal El Khannouss | D873: Médio | E873: 34 | F873: 3180 | G873: 18 | H873: 258
... A878: 918 | B878: Morocco | C878: Soufiane Rahimi | D878: Avançado | E878: 34 | F878: 3180 | G878: 11 | H878: 200
A879: 919 | B879: Morocco | C879: Abde Ezzalzouli | D879: Avançado | E879: 34 | F879: 3180 | H879: 311
A880: 920 | B880: Morocco | C880: Amaimouni-Echghouyab | D880: Avançado | E880: 34 | F880: 3180 | H880: 71
A881: 921 | B881: Mexico | C881: José Rangel | D881: Guarda Redes | E881: 24 | F881: 2160 | G881: 12 | H881: 990
A882: 922 | B882: Mexico | C882: Carlos Acevedo | D882: Guarda Redes | E882: 24 | F882: 2160 | G882: 1 | H882: 45
A883: 923 | B883: Mexico | C883: Guillermo Ochoa | D883: Guarda Redes | E883: 24 | F883: 2160 | G883: 1 | H883: 45
A884: 924 | B884: Mexico | C884: Jorge Sánchez | D884: Defesa | E884: 24 | F884: 2160 | G884: 8 | H884: 498
A885: 925 | B885: Mexico | C885: Israel Reyes | D885: Defesa | E885: 24 | F885: 2160 | G885: 11 | H885: 692
A886: 926 | B886: Mexico | C886: César Montes | D886: Defesa | E886: 24 | F886: 2160 | G886: 9 | H886: 719
A887: 927 | B887: Mexico | C887: Johan Vásquez | D887: Defesa | E887: 24 | F887: 2160 | G887: 11 | H887: 897
...

Sheet Calendário
A1: Data | B1: Grupo | C1: Casa | D1: Fora | E1: Res C | F1: Res F | G1: Prognóstico | H1: Resultado Casa | I1: Resultado Fora | Y1: Hora | Z1: Modelo | AA1: xG_A | AB1: xG_B | AC1: Força_A | AD1: Força_B | AE1: Obs_Modelo | AF1: Golos_Prognóstico_A | AG1: Golos_Prognóstico_B
A2: 2026-06-11 | B2: A | C2: Mexico | D2: South Africa | E2: 2 | F2: 0 | G2: Vitória México | H2: 2 | I2: 1 | Y2: 20:00
A3: 2026-06-12 | B3: A | C3: South Korea | D3: Czechia | E3: 2 | F3: 1 | G3: Vitória Chéquia | H3: 1 | I3: 2 | Y3: 03:00
A4: 2026-06-12 | B4: B | C4: Canada | D4: Bosnia and Herzegovina | E4: 1 | F4: 1 | G4: Empate | H4: 1 | I4: 1 | Y4: 20:00
A5: 2026-06-13 | B5: D | C5: United States | D5: Paraguay | E5: 4 | F5: 1 | G5: Vitória Estados Unidos | H5: 2 | I5: 1 | Y5: 02:00
A6: 2026-06-13 | B6: B | C6: Qatar | D6: Switzerland | E6: 1 | F6: 1 | G6: Vitória Suiça | H6: 1 | I6: 2 | Y6: 20:00
A7: 2026-06-13 | B7: C | C7: Brazil | D7: Morocco | E7: 1 | F7: 1 | G7: Vitória Brasil | H7: 2 | I7: 1 | Y7: 23:00
A8: 2026-06-14 | B8: C | C8: Haiti | D8: Scotland | E8: 0 | F8: 1 | G8: Vitória Escócia | H8: 0 | I8: 2 | Y8: 02:00
A9: 2026-06-14 | B9: D | C9: Australia | D9: Turkey | E9: 2 | F9: 0 | G9: Vitória Turquia | H9: 1 | I9: 2 | Y9: 05:00
A10: 2026-06-14 | B10: E | C10: Germany | D10: Curacao | E10: 7 | F10: 1 | G10: Vitória Alemanha | H10: 3 | I10: 0 | Y10: 18:00
A11: 2026-06-14 | B11: F | C11: Netherlands | D11: Japan | E11: 2 | F11: 2 | G11: Vitória Países Baixos | H11: 1 | I11: 0 | Y11: 21:00
A12: 2026-06-15 | B12: E | C12: Ivory Coast | D12: Ecuador | E12: 1 | F12: 0 | G12: Vitória Equador | H12: 0 | I12: 1 | Y12: 00:00
A13: 2026-06-15 | B13: F | C13: Sweden | D13: Tunisia | E13: 5 | F13: 1 | G13: Vitória Suécia | H13: 1 | I13: 0 | Y13: 03:00
A14: 2026-06-15 | B14: H | C14: Spain | D14: Cape Verde | E14: 0 | F14: 0 | G14: 4-0 | H14: 4 | I14: 0 | Y14: 17:00 | Z14: modelo_v13_janela_movel_3 | AA14: 2.88 | AB14: 0.22 | AC14: 90.15 | AD14: 72.96 | AE14: Spain 4-0 Cape Verde | xG 2.88-0.22 | Forças 90.15-72.96 | Ataques 94.33-65.89 | Defesas 96.93-68.42 | AF14: 4 | AG14: 0
A15: 2026-06-15 | B15: G | C15: Belgium | D15: Egypt | E15: 1 | F15: 1 | G15: 3-2 | H15: 3 | I15: 2 | Y15: 20:00 | Z15: modelo_v13_janela_movel_3 | AA15: 2.29 | AB15: 1.3 | AC15: 86.34 | AD15: 77.93 | AE15: Belgium 3-2 Egypt | xG 2.29-1.3 | Forças 86.34-77.93 | Ataques 94.92-92.19 | Defesas 89.85-70.48 | AF15: 3 | AG15: 2
A16: 2026-06-15 | B16: H | C16: Saudi Arabia | D16: Uruguay | E16: 1 | F16: 1 | G16: 1-2 | H16: 1 | I16: 2 | Y16: 23:00 | Z16: modelo_v13_janela_movel_3 | AA16: 0.72 | AB16: 1.99 | AC16: 73.16 | AD16: 83.46 | AE16: Saudi Arabia 1-2 Uruguay | xG 0.72-1.99 | Forças 73.16-83.46 | Ataques 66.65-78.27 | Defesas 66.65-84.61 | AF16: 1 | AG16: 2
A17: 2026-06-16 | B17: G | C17: Iran | D17: New Zealand | E17: 2 | F17: 2 | G17: 1-2 | H17: 1 | I17: 2 | Y17: 02:00 | Z17: modelo_v13_janela_movel_3 | AA17: 1 | AB17: 1.61 | AC17: 63.93 | AD17: 71.71 | AE17: Iran 1-2 New Zealand | xG 1.0-1.61 | Forças 63.93-71.71 | Ataques 65.0-64.44 | Defesas 65.0-64.44 | AF17: 1 | AG17: 2
A18: 2026-06-16 | B18: I | C18: France | D18: Senegal | E18: 3 | F18: 1 | G18: 2-1 | H18: 2 | I18: 1 | Y18: 20:00 | Z18: modelo_v13_janela_movel_3 | AA18: 1.9 | AB18: 1.05 | AC18: 89.66 | AD18: 82.77 | AE18: France 2-1 Senegal | xG 1.9-1.05 | Forças 89.66-82.77 | Ataques 96.87-83.67 | Defesas 92.32-85.72 | AF18: 2 | AG18: 1
A19: 2026-06-16 | B19: I | C19: Iraq | D19: Norway | E19: 1 | F19: 4 | G19: 1-2 | H19: 1 | I19: 2 | Y19: 23:00 | Z19: modelo_v13_janela_movel_3 | AA19: 0.81 | AB19: 2.24 | AC19: 73.55 | AD19: 82.38 | AE19: Iraq 1-2 Norway | xG 0.81-2.24 | Forças 73.55-82.38 | Ataques 67.1-89.51 | Defesas 67.1-83.05 | AF19: 1 | AG19: 2
A20: 2026-06-17 | B20: J | C20: Argentina | D20: Algeria | E20: 3 | F20: 0 | G20: 2-1 | H20: 2 | I20: 1 | Y20: 02:00 | Z20: modelo_v13_janela_movel_3 | AA20: 1.91 | AB20: 1.04 | AC20: 87.81 | AD20: 80.87 | AE20: Argentina 2-1 Algeria | xG 1.91-1.04 | Forças 87.81-80.87 | Ataques 94.35-82.79 | Defesas 91.69-82.7 | AF20: 2 | AG20: 1
A21: 2026-06-17 | B21: J | C21: Austria | D21: Jordan | E21: 3 | F21: 1 | G21: 2-1 | H21: 2 | I21: 1 | Y21: 05:00 | Z21: modelo_v13_janela_movel_3 | AA21: 1.95 | AB21: 0.69 | AC21: 82.5 | AD21: 69.72 | AE21: Austria 2-1 Jordan | xG 1.95-0.69 | Forças 82.5-69.72 | Ataques 81.45-73.82 | Defesas 80.31-73.82 | AF21: 2 | AG21: 1
A22: 2026-06-17 | B22: K | C22: Portugal | D22: DR Congo | E22: 1 | F22: 1 | G22: 3-1 | H22: 3 | I22: 1 | Y22: 18:00 | Z22: modelo_v13_janela_movel_3 | AA22: 2.31 | AB22: 0.83 | AC22: 88.15 | AD22: 76.88 | AE22: Portugal 3-1 DR Congo | xG 2.31-0.83 | Forças 88.15-76.88 | Ataques 95.28-79.67 | Defesas 92.55-72.6 | AF22: 3 | AG22: 1
A23: 2026-06-17 | B23: L | C23: England | D23: Croatia | E23: 4 | F23: 2 | G23: 2-1 | H23: 2 | I23: 1 | Y23: 21:00 | Z23: modelo_v13_janela_movel_3 | AA23: 2.02 | AB23: 0.95 | AC23: 89.54 | AD23: 83.2 | AE23: England 2-1 Croatia | xG 2.02-0.95 | Forças 89.54-83.2 | Ataques 96.21-83.24 | Defesas 96.21-79.98 | AF23: 2 | AG23: 1
A24: 2026-06-18 | B24: L | C24: Ghana | D24: Panama | E24: 1 | F24: 0 | G24: 2-2 | H24: 2 | I24: 2 | Y24: 00:00 | Z24: modelo_v13_janela_movel_3 | AA24: 1.55 | AB24: 1.4 | AC24: 75.04 | AD24: 74.02 | AE24: Ghana 2-2 Panama | xG 1.55-1.4 | Forças 75.04-74.02 | Ataques 83.72-80.39 | Defesas 70.59-80.39 | AF24: 2 | AG24: 2
A25: 2026-06-18 | B25: K | C25: Uzbekistan | D25: Colombia | E25: 1 | F25: 3 | G25: 1-2 | H25: 1 | I25: 2 | Y25: 03:00 | Z25: modelo_v13_janela_movel_3 | AA25: 0.95 | AB25: 1.91 | AC25: 74.4 | AD25: 81.83 | AE25: Uzbekistan 1-2 Colombia | xG 0.95-1.91 | Forças 74.4-81.83 | Ataques 67.22-82.12 | Defesas 71.02-79.3 | AF25: 1 | AG25: 2
... A28: 2026-06-18 | B28: B | C28: Canada | D28: Qatar | E28: 6 | F28: 0 | G28: 2-1 | H28: 2 | I28: 1 | Y28: 23:00 | Z28: modelo_v13_janela_movel_3 | AA28: 2.18 | AB28: 1.01 | AC28: 79.18 | AD28: 73.5 | AE28: Canada 2-1 Qatar | xG 2.18-1.01 | Forças 79.18-73.5 | Ataques 76.54-67.09 | Defesas 78.23-67.09 | AF28: 2 | AG28: 1
A29: 46192 | B29: A | C29: Mexico | D29: South Korea | E29: 1 | F29: 0 | G29: 2-2 | H29: 2 | I29: 2 | Z29: modelo_v13_janela_movel_3 | AA29: 2.18 | AB29: 1.62 | AC29: 81.7 | AD29: 78.41 | AE29: Mexico 2-2 República da Coreia | xG 2.18-1.62 | Forças 81.7-78.41 | Ataques 81.09-87.43 | Defesas 77.64-69.23 | AF29: 2 | AG29: 2
A30: 2026-06-19 | B30: D | C30: United States | D30: Australia | E30: 2 | F30: 0 | G30: 2-1 | H30: 2 | I30: 1 | Y30: 20:00 | Z30: modelo_v13_janela_movel_3 | AA30: 2.34 | AB30: 1.06 | AC30: 83.49 | AD30: 76.26 | AE30: United States 2-1 Australia | xG 2.34-1.06 | Forças 83.49-76.26 | Ataques 86.04-72.51 | Defesas 80.58-71.58 | AF30: 2 | AG30: 1
A31: 2026-06-19 | B31: C | C31: Scotland | D31: Morocco | E31: 0 | F31: 1 | G31: 1-1 | H31: 1 | I31: 1 | Y31: 23:00 | Z31: modelo_v13_janela_movel_3 | AA31: 1.01 | AB31: 1.48 | AC31: 80.2 | AD31: 83.98 | AE31: Scotland 1-1 Morocco | xG 1.01-1.48 | Forças 80.2-83.98 | Ataques 71.36-82.98 | Defesas 84.76-84.39 | AF31: 1 | AG31: 1
A32: 2026-06-20 | B32: C | C32: Brazil | D32: Haiti | E32: 3 | F32: 0 | G32: 4-0 | H32: 4 | I32: 0 | Y32: 01:30 | Z32: modelo_v13_janela_movel_3 | AA32: 2.97 | AB32: 0.33 | AC32: 86.89 | AD32: 71.34 | AE32: Brazil 4-0 Haiti | xG 2.97-0.33 | Forças 86.89-71.34 | Ataques 95.28-64.7 | Defesas 92.74-64.7 | AF32: 4 | AG32: 0
A33: 2026-06-20 | B33: D | C33: Turkey | D33: Paraguay | E33: 0 | F33: 1 | G33: 2-1 | H33: 2 | I33: 1 | Y33: 04:00 | Z33: modelo_v13_janela_movel_3 | AA33: 2.11 | AB33: 1.01 | AC33: 84.97 | AD33: 77.11 | AE33: Turkey 2-1 Paraguay | xG 2.11-1.01 | Forças 84.97-77.11 | Ataques 87.65-78.32 | Defesas 87.78-69.19 | AF33: 2 | AG33: 1
A34: 2026-06-20 | B34: F | C34: Netherlands | D34: Sweden | E34: 5 | F34: 1 | G34: 2-1 | H34: 2 | I34: 1 | Y34: 18:00 | Z34: modelo_v13_janela_movel_3 | AA34: 1.96 | AB34: 1.1 | AC34: 88.46 | AD34: 81.13 | AE34: Netherlands 2-1 Sweden | xG 1.96-1.1 | Forças 88.46-81.13 | Ataques 92.49-88.79 | Defesas 95.09-79.4 | AF34: 2 | AG34: 1
A35: 2026-06-20 | B35: E | C35: Germany | D35: Ivory Coast | E35: 2 | F35: 1 | G35: 2-2 | H35: 2 | I35: 2 | Y35: 21:00 | Z35: modelo_v13_janela_movel_3 | AA35: 1.94 | AB35: 1.34 | AC35: 86.47 | AD35: 80.55 | AE35: Germany 2-2 Ivory Coast | xG 1.94-1.34 | Forças 86.47-80.55 | Ataques 92.22-91.86 | Defesas 90.27-78.6 | AF35: 2 | AG35: 2
A36: 2026-06-21 | B36: E | C36: Ecuador | D36: Curacao | E36: 0 | F36: 0 | G36: 2-1 | H36: 2 | I36: 1 | Y36: 01:00 | Z36: modelo_v13_janela_movel_3 | AA36: 1.91 | AB36: 0.93 | AC36: 79.68 | AD36: 71.89 | AE36: Ecuador 2-1 Curacao | xG 1.91-0.93 | Forças 79.68-71.89 | Ataques 78.0-64.73 | Defesas 76.94-67.26 | AF36: 2 | AG36: 1
A37: 2026-06-21 | B37: F | C37: Tunisia | D37: Japan | E37: 0 | F37: 4 | G37: 2-2 | H37: 2 | I37: 2 | Y37: 05:00 | Z37: modelo_v13_janela_movel_3 | AA37: 1.36 | AB37: 2.03 | AC37: 75.63 | AD37: 81.91 | AE37: Tunisia 2-2 Japan | xG 1.36-2.03 | Forças 75.63-81.91 | Ataques 80.48-85.89 | Defesas 69.17-77.9 | AF37: 2 | AG37: 2
A38: 2026-06-21 | B38: H | C38: Spain | D38: Saudi Arabia | E38: 4 | F38: 0 | G38: 4-0 | H38: 4 | I38: 0 | Y38: 17:00 | Z38: modelo_v13_janela_movel_3 | AA38: 2.92 | AB38: 0.24 | AC38: 90.15 | AD38: 73.16 | AE38: Spain 4-0 Saudi Arabia | xG 2.92-0.24 | Forças 90.15-73.16 | Ataques 94.33-66.65 | Defesas 96.93-66.65 | AF38: 4 | AG38: 0
A39: 2026-06-21 | B39: G | C39: Belgium | D39: Iran | E39: 0 | F39: 0 | G39: 4-0 | H39: 4 | I39: 0 | Y39: 20:00 | Z39: modelo_v13_janela_movel_3 | AA39: 3.11 | AB39: 0.15 | AC39: 86.34 | AD39: 63.93 | AE39: Belgium 4-0 Iran | xG 3.11-0.15 | Forças 86.34-63.93 | Ataques 94.92-65.0 | Defesas 89.85-65.0 | AF39: 4 | AG39: 0
A40: 2026-06-21 | B40: H | C40: Uruguay | D40: Cape Verde | E40: 2 | F40: 2 | G40: 2-1 | H40: 2 | I40: 1 | Y40: 23:00 | Z40: modelo_v13_janela_movel_3 | AA40: 1.95 | AB40: 0.7 | AC40: 83.46 | AD40: 72.96 | AE40: Uruguay 2-1 Cape Verde | xG 1.95-0.7 | Forças 83.46-72.96 | Ataques 78.27-65.89 | Defesas 84.61-68.42 | AF40: 2 | AG40: 1
A41: 2026-06-22 | B41: G | C41: New Zealand | D41: Egypt | E41: 1 | F41: 3 | G41: 1-2 | H41: 1 | I41: 2 | Y41: 02:00 | Z41: modelo_v13_janela_movel_3 | AA41: 1.13 | AB41: 2.32 | AC41: 71.71 | AD41: 77.93 | AE41: New Zealand 1-2 Egypt | xG 1.13-2.32 | Forças 71.71-77.93 | Ataques 64.44-92.19 | Defesas 64.44-70.48 | AF41: 1 | AG41: 2
... A54: 2026-06-25 | B54: A | C54: Czechia | D54: Mexico | E54: 0 | F54: 3 | G54: 2-2 | H54: 2 | I54: 2 | Y54: 02:00 | Z54: modelo_v13_janela_movel_3 | AA54: 1.4 | AB54: 1.99 | AC54: 78.26 | AD54: 81.7 | AE54: Czechia 2-2 Mexico | xG 1.4-1.99 | Forças 78.26-81.7 | Ataques 79.2-81.09 | Defesas 76.77-77.64 | AF54: 2 | AG54: 2
A55: 46198 | B55: A | C55: South Africa | D55: South Korea | E55: 1 | F55: 0
A56: 2026-06-25 | B56: E | C56: Ecuador | D56: Germany | E56: 2 | F56: 1 | G56: 1-2 | H56: 1 | I56: 2 | Y56: 21:00 | Z56: modelo_v13_janela_movel_3 | AA56: 0.96 | AB56: 2.01 | AC56: 79.68 | AD56: 86.47 | AE56: Ecuador 1-2 Germany | xG 0.96-2.01 | Forças 79.68-86.47 | Ataques 78.0-92.22 | Defesas 76.94-90.27 | AF56: 1 | AG56: 2
A57: 2026-06-25 | B57: E | C57: Curacao | D57: Ivory Coast | E57: 0 | F57: 2 | G57: 1-2 | H57: 1 | I57: 2 | Y57: 21:00 | Z57: modelo_v13_janela_movel_3 | AA57: 0.87 | AB57: 2.3 | AC57: 71.89 | AD57: 80.55 | AE57: Curacao 1-2 Ivory Coast | xG 0.87-2.3 | Forças 71.89-80.55 | Ataques 64.73-91.86 | Defesas 67.26-78.6 | AF57: 1 | AG57: 2
A58: 2026-06-26 | B58: F | C58: Tunisia | D58: Netherlands | E58: 1 | F58: 3 | G58: 1-3 | H58: 1 | I58: 3 | Y58: 00:00 | Z58: modelo_v13_janela_movel_3 | AA58: 0.75 | AB58: 2.71 | AC58: 75.63 | AD58: 88.46 | AE58: Tunisia 1-3 Netherlands | xG 0.75-2.71 | Forças 75.63-88.46 | Ataques 80.48-92.49 | Defesas 69.17-95.09 | AF58: 1 | AG58: 3
A59: 2026-06-26 | B59: F | C59: Japan | D59: Sweden | E59: 1 | F59: 1 | G59: 2-2 | H59: 2 | I59: 2 | Y59: 00:00 | Z59: modelo_v13_janela_movel_3 | AA59: 1.63 | AB59: 1.71 | AC59: 81.91 | AD59: 81.13 | AE59: Japan 2-2 Sweden | xG 1.63-1.71 | Forças 81.91-81.13 | Ataques 85.89-88.79 | Defesas 77.9-79.4 | AF59: 2 | AG59: 2
A60: 2026-06-26 | B60: D | C60: Turkey | D60: United States | E60: 3 | F60: 2 | G60: 2-2 | H60: 2 | I60: 2 | Y60: 03:00 | Z60: modelo_v13_janela_movel_3 | AA60: 1.66 | AB60: 1.71 | AC60: 84.97 | AD60: 83.49 | AE60: Turkey 2-2 United States | xG 1.66-1.71 | Forças 84.97-83.49 | Ataques 87.65-86.04 | Defesas 87.78-80.58 | AF60: 2 | AG60: 2
A61: 2026-06-26 | B61: D | C61: Paraguay | D61: Australia | E61: 0 | F61: 0 | G61: 2-2 | H61: 2 | I61: 2 | Y61: 03:00 | Z61: modelo_v13_janela_movel_3 | AA61: 1.64 | AB61: 1.51 | AC61: 77.11 | AD61: 76.26 | AE61: Paraguay 2-2 Australia | xG 1.64-1.51 | Forças 77.11-76.26 | Ataques 78.32-72.51 | Defesas 69.19-71.58 | AF61: 2 | AG61: 2
A62: 2026-06-26 | B62: I | C62: Norway | D62: France | E62: 1 | F62: 4 | G62: 1-2 | H62: 1 | I62: 2 | Y62: 20:00 | Z62: modelo_v13_janela_movel_3 | AA62: 1.19 | AB62: 1.98 | AC62: 82.38 | AD62: 89.66 | AE62: Norway 1-2 France | xG 1.19-1.98 | Forças 82.38-89.66 | Ataques 89.51-96.87 | Defesas 83.05-92.32 | AF62: 1 | AG62: 2
A63: 2026-06-26 | B63: I | C63: Senegal | D63: Iraq | E63: 5 | F63: 0 | G63: 3-1 | H63: 3 | I63: 1 | Y63: 20:00 | Z63: modelo_v13_janela_movel_3 | AA63: 2.1 | AB63: 0.73 | AC63: 82.77 | AD63: 73.55 | AE63: Senegal 3-1 Iraq | xG 2.1-0.73 | Forças 82.77-73.55 | Ataques 83.67-67.1 | Defesas 85.72-67.1 | AF63: 3 | AG63: 1
A64: 2026-06-27 | B64: H | C64: Uruguay | D64: Spain | E64: 0 | F64: 1 | G64: 1-2 | H64: 1 | I64: 2 | Y64: 01:00 | Z64: modelo_v13_janela_movel_3 | AA64: 0.79 | AB64: 1.86 | AC64: 83.46 | AD64: 90.15 | AE64: Uruguay 1-2 Spain | xG 0.79-1.86 | Forças 83.46-90.15 | Ataques 78.27-94.33 | Defesas 84.61-96.93 | AF64: 1 | AG64: 2
A65: 2026-06-27 | B65: H | C65: Cape Verde | D65: Saudi Arabia | E65: 0 | F65: 0 | G65: 1-1 | H65: 1 | I65: 1 | Y65: 01:00 | Z65: modelo_v13_janela_movel_3 | AA65: 1.42 | AB65: 1.4 | AC65: 72.96 | AD65: 73.16 | AE65: Cape Verde 1-1 Saudi Arabia | xG 1.42-1.4 | Forças 72.96-73.16 | Ataques 65.89-66.65 | Defesas 68.42-66.65 | AF65: 1 | AG65: 1
A66: 2026-06-27 | B66: G | C66: New Zealand | D66: Belgium | E66: 1 | F66: 5 | G66: 0-4 | H66: 0 | I66: 4 | Y66: 04:00 | Z66: modelo_v13_janela_movel_3 | AA66: 0.42 | AB66: 2.94 | AC66: 71.71 | AD66: 86.34 | AE66: New Zealand 0-4 Belgium | xG 0.42-2.94 | Forças 71.71-86.34 | Ataques 64.44-94.92 | Defesas 64.44-89.85 | AF66: 0 | AG66: 4
A67: 2026-06-27 | B67: G | C67: Egypt | D67: Iran | E67: 1 | F67: 1 | G67: 3-1 | H67: 3 | I67: 1 | Y67: 04:00 | Z67: modelo_v13_janela_movel_3 | AA67: 2.84 | AB67: 0.69 | AC67: 77.93 | AD67: 63.93 | AE67: Egypt 3-1 Iran | xG 2.84-0.69 | Forças 77.93-63.93 | Ataques 92.19-65.0 | Defesas 70.48-65.0 | AF67: 3 | AG67: 1
... A105: 2026-07-19 | B105: FINAL | C105: Spain | D105: Argentina | E105: 1 | F105: 0 | G105: 2-2 | H105: 2 | I105: 2 | Y105: 20:00 | Z105: modelo_v13_janela_movel_3 | AA105: 1.57 | AB105: 1.32 | AC105: 90.15 | AD105: 87.81 | AE105: Spain 2-2 Argentina | xG 1.57-1.32 | Forças 90.15-87.81 | Ataques 94.33-94.35 | Defesas 96.93-91.69 | AF105: 2 | AG105: 2

Sheet atualização
A1: Status | B1: game_id | C1: data_hora | D1: atualizacao_programada | E1: fase | F1: grupo | G1: equipa_a | H1: sigla_a | I1: golos_a | J1: equipa_b | K1: sigla_b | L1: golos_b | M1: estado | N1: resultado | O1: vencedor | P1: atualizado_pos_jogo | Q1: fonte | R1: ultima_atualizacao
A2: Atualizado com Regra 2h15
A3: Complete | B3: 400021443 | C3: 2026-06-11 20:00 | D3: 2026-06-11 22:15 | E3: First Stage | F3: Group A | G3: Mexico | H3: MEX | I3: 2 | J3: South Africa | K3: RSA | L3: 0 | M3: 0 | N3: 2-0 | O3: Mexico | P3: Sim | Q3: https://www.fifa.com/en/tournaments/mens/worldcup/canadamexicousa2026/scores-fixtures?country=PT&wtw-filter=ALL | R3: 2026-10-14 21:45:27
A4: Complete | B4: 400021441 | C4: 2026-06-12 03:00 | D4: 2026-06-12 05:15 | E4: First Stage | F4: Group A | G4: Korea Republic | H4: KOR | I4: 2 | J4: Czechia | K4: CZE | L4: 1 | M4: 0 | N4: 2-1 | O4: Korea Republic | P4: Sim | Q4: https://www.fifa.com/en/tournaments/mens/worldcup/canadamexicousa2026/scores-fixtures?country=PT&wtw-filter=ALL | R4: 2026-10-14 21:45:27
A5: Complete | B5: 400021449 | C5: 2026-06-12 20:00 | D5: 2026-06-12 22:15 | E5: First Stage | F5: Group B | G5: Canada | H5: CAN | I5: 1 | J5: Bosnia and Herzegovina | K5: BIH | L5: 1 | M5: 0 | N5: 1-1 | O5: Empate | P5: Sim | Q5: https://www.fifa.com/en/tournaments/mens/worldcup/canadamexicousa2026/scores-fixtures?country=PT&wtw-filter=ALL | R5: 2026-10-14 21:45:27
A6: Complete | B6: 400021458 | C6: 2026-06-13 02:00 | D6: 2026-06-13 04:15 | E6: First Stage | F6: Group D | G6: USA | H6: USA | I6: 4 | J6: Paraguay | K6: PAR | L6: 1 | M6: 0 | N6: 4-1 | O6: USA | P6: Sim | Q6: https://www.fifa.com/en/tournaments/mens/worldcup/canadamexicousa2026/scores-fixtures?country=PT&wtw-filter=ALL | R6: 2026-10-14 21:45:27
A7: Complete | B7: 400021447 | C7: 2026-06-13 20:00 | D7: 2026-06-13 22:15 | E7: First Stage | F7: Group B | G7: Qatar | H7: QAT | I7: 1 | J7: Switzerland | K7: SUI | L7: 1 | M7: 0 | N7: 1-1 | O7: Empate | P7: Sim | Q7: https://www.fifa.com/en/tournaments/mens/worldcup/canadamexicousa2026/scores-fixtures?country=PT&wtw-filter=ALL | R7: 2026-10-14 21:45:27
A8: Complete | B8: 400021456 | C8: 2026-06-13 23:00 | D8: 2026-06-14 01:15 | E8: First Stage | F8: Group C | G8: Brazil | H8: BRA | I8: 1 | J8: Morocco | K8: MAR | L8: 1 | M8: 0 | N8: 1-1 | O8: Empate | P8: Sim | Q8: https://www.fifa.com/en/tournaments/mens/worldcup/canadamexicousa2026/scores-fixtures?country=PT&wtw-filter=ALL | R8: 2026-10-14 21:45:27
A9: Complete | B9: 400021453 | C9: 2026-06-14 02:00 | D9: 2026-06-14 04:15 | E9: First Stage | F9: Group C | G9: Haiti | H9: HAI | I9: 0 | J9: Scotland | K9: SCO | L9: 1 | M9: 0 | N9: 0-1 | O9: Scotland | P9: Sim | Q9: https://www.fifa.com/en/tournaments/mens/worldcup/canadamexicousa2026/scores-fixtures?country=PT&wtw-filter=ALL | R9: 2026-10-14 21:45:27
A10: Complete | B10: 400021463 | C10: 2026-06-14 05:00 | D10: 2026-06-14 07:15 | E10: First Stage | F10: Group D | G10: Australia | H10: AUS | I10: 2 | J10: Türkiye | K10: TUR | L10: 0 | M10: 0 | N10: 2-0 | O10: Australia | P10: Sim | Q10: https://www.fifa.com/en/tournaments/mens/worldcup/canadamexicousa2026/scores-fixtures?country=PT&wtw-filter=ALL | R10: 2026-10-14 21:45:27
A11: Complete | B11: 400021464 | C11: 2026-06-14 18:00 | D11: 2026-06-14 20:15 | E11: First Stage | F11: Group E | G11: Germany | H11: GER | I11: 7 | J11: Curaçao | K11: CUW | L11: 1 | M11: 0 | N11: 7-1 | O11: Germany | P11: Sim | Q11: https://www.fifa.com/en/tournaments/mens/worldcup/canadamexicousa2026/scores-fixtures?country=PT&wtw-filter=ALL | R11: 2026-10-14 21:45:27
A12: Complete | B12: 400021470 | C12: 2026-06-14 21:00 | D12: 2026-06-14 23:15 | E12: First Stage | F12: Group F | G12: Netherlands | H12: NED | I12: 2 | J12: Japan | K12: JPN | L12: 2 | M12: 0 | N12: 2-2 | O12: Empate | P12: Sim | Q12: https://www.fifa.com/en/tournaments/mens/worldcup/canadamexicousa2026/scores-fixtures?country=PT&wtw-filter=ALL | R12: 2026-10-14 21:45:27
A13: Complete | B13: 400021467 | C13: 2026-06-15 00:00 | D13: 2026-06-15 02:15 | E13: First Stage | F13: Group E | G13: Côte d'Ivoire | H13: CIV | I13: 1 | J13: Ecuador | K13: ECU | L13: 0 | M13: 0 | N13: 1-0 | O13: Côte d'Ivoire | P13: Sim | Q13: https://www.fifa.com/en/tournaments/mens/worldcup/canadamexicousa2026/scores-fixtures?country=PT&wtw-filter=ALL | R13: 2026-10-14 21:45:27
A14: Complete | B14: 400021474 | C14: 2026-06-15 03:00 | D14: 2026-06-15 05:15 | E14: First Stage | F14: Group F | G14: Sweden | H14: SWE | I14: 5 | J14: Tunisia | K14: TUN | L14: 1 | M14: 0 | N14: 5-1 | O14: Sweden | P14: Sim | Q14: https://www.fifa.com/en/tournaments/mens/worldcup/canadamexicousa2026/scores-fixtures?country=PT&wtw-filter=ALL | R14: 2026-10-14 21:45:27
B15: 400021482 | C15: 2026-06-15 17:00 | D15: 2026-06-15 19:15 | E15: First Stage | F15: Group H | G15: Spain | H15: ESP | I15: 0 | J15: Cabo Verde | K15: CPV | L15: 0 | M15: 0 | N15: 0-0 | O15: Empate | P15: Sim | Q15: https://www.fifa.com/en/tournaments/mens/worldcup/canadamexicousa2026/scores-fixtures?country=PT&wtw-filter=ALL | R15: 2026-10-14 21:45:27
A16: Complete | B16: 400021478 | C16: 2026-06-15 20:00 | D16: 2026-06-15 22:15 | E16: First Stage | F16: Group G | G16: Belgium | H16: BEL | I16: 1 | J16: Egypt | K16: EGY | L16: 1 | M16: 0 | N16: 1-1 | O16: Empate | P16: Sim | Q16: https://www.fifa.com/en/tournaments/mens/worldcup/canadamexicousa2026/scores-fixtures?country=PT&wtw-filter=ALL | R16: 2026-10-14 21:45:27
A17: Complete | B17: 400021486 | C17: 2026-06-15 23:00 | D17: 2026-06-16 01:15 | E17: First Stage | F17: Group H | G17: Saudi Arabia | H17: KSA | I17: 1 | J17: Uruguay | K17: URU | L17: 1 | M17: 0 | N17: 1-1 | O17: Empate | P17: Sim | Q17: https://www.fifa.com/en/tournaments/mens/worldcup/canadamexicousa2026/scores-fixtures?country=PT&wtw-filter=ALL | R17: 2026-10-14 21:45:27
B18: 400021476 | C18: 2026-06-16 02:00 | D18: 2026-06-16 04:15 | E18: First Stage | F18: Group G | G18: IR Iran | H18: IRN | I18: 2 | J18: New Zealand | K18: NZL | L18: 2 | M18: 0 | N18: 2-2 | O18: Empate | P18: Sim | Q18: https://www.fifa.com/en/tournaments/mens/worldcup/canadamexicousa2026/scores-fixtures?country=PT&wtw-filter=ALL | R18: 2026-10-14 21:45:27
A19: Complete | B19: 400021490 | C19: 2026-06-16 20:00 | D19: 2026-06-16 22:15 | E19: First Stage | F19: Group I | G19: France | H19: FRA | I19: 3 | J19: Senegal | K19: SEN | L19: 1 | M19: 0 | N19: 3-1 | O19: France | P19: Sim | Q19: https://www.fifa.com/en/tournaments/mens/worldcup/canadamexicousa2026/scores-fixtures?country=PT&wtw-filter=ALL | R19: 2026-10-14 21:45:27
A20: Complete | B20: 400021488 | C20: 2026-06-16 23:00 | D20: 2026-06-17 01:15 | E20: First Stage | F20: Group I | G20: Iraq | H20: IRQ | I20: 1 | J20: Norway | K20: NOR | L20: 4 | M20: 0 | N20: 1-4 | O20: Norway | P20: Sim | Q20: https://www.fifa.com/en/tournaments/mens/worldcup/canadamexicousa2026/scores-fixtures?country=PT&wtw-filter=ALL | R20: 2026-10-14 21:45:27
A21: Complete | B21: 400021496 | C21: 2026-06-17 02:00 | D21: 2026-06-17 04:15 | E21: First Stage | F21: Group J | G21: Argentina | H21: ARG | I21: 3 | J21: Algeria | K21: ALG | L21: 0 | M21: 0 | N21: 3-0 | O21: Argentina | P21: Sim | Q21: https://www.fifa.com/en/tournaments/mens/worldcup/canadamexicousa2026/scores-fixtures?country=PT&wtw-filter=ALL | R21: 2026-10-14 21:45:27
A22: Complete | B22: 400021498 | C22: 2026-06-17 05:00 | D22: 2026-06-17 07:15 | E22: First Stage | F22: Group J | G22: Austria | H22: AUT | I22: 3 | J22: Jordan | K22: JOR | L22: 1 | M22: 0 | N22: 3-1 | O22: Austria | P22: Sim | Q22: https://www.fifa.com/en/tournaments/mens/worldcup/canadamexicousa2026/scores-fixtures?country=PT&wtw-filter=ALL | R22: 2026-10-14 21:45:27
A23: Complete | B23: 400021502 | C23: 2026-06-17 18:00 | D23: 2026-06-17 20:15 | E23: First Stage | F23: Group K | G23: Portugal | H23: POR | I23: 1 | J23: Congo DR | K23: COD | L23: 1 | M23: 0 | N23: 1-1 | O23: Empate | P23: Sim | Q23: https://www.fifa.com/en/tournaments/mens/worldcup/canadamexicousa2026/scores-fixtures?country=PT&wtw-filter=ALL | R23: 2026-10-14 21:45:27
A24: Complete | B24: 400021507 | C24: 2026-06-17 21:00 | D24: 2026-06-17 23:15 | E24: First Stage | F24: Group L | G24: England | H24: ENG | I24: 4 | J24: Croatia | K24: CRO | L24: 2 | M24: 0 | N24: 4-2 | O24: England | P24: Sim | Q24: https://www.fifa.com/en/tournaments/mens/worldcup/canadamexicousa2026/scores-fixtures?country=PT&wtw-filter=ALL | R24: 2026-10-14 21:45:27
A25: Complete | B25: 400021510 | C25: 2026-06-18 00:00 | D25: 2026-06-18 02:15 | E25: First Stage | F25: Group L | G25: Ghana | H25: GHA | I25: 1 | J25: Panama | K25: PAN | L25: 0 | M25: 0 | N25: 1-0 | O25: Ghana | P25: Sim | Q25: https://www.fifa.com/en/tournaments/mens/worldcup/canadamexicousa2026/scores-fixtures?country=PT&wtw-filter=ALL | R25: 2026-10-14 21:45:27
A26: Complete | B26: 400021504 | C26: 2026-06-18 03:00 | D26: 2026-06-18 05:15 | E26: First Stage | F26: Group K | G26: Uzbekistan | H26: UZB | I26: 1 | J26: Colombia | K26: COL | L26: 3 | M26: 0 | N26: 1-3 | O26: Colombia | P26: Sim | Q26: https://www.fifa.com/en/tournaments/mens/worldcup/canadamexicousa2026/scores-fixtures?country=PT&wtw-filter=ALL | R26: 2026-10-14 21:45:27
A27: Complete | B27: 400021440 | C27: 2026-06-18 17:00 | D27: 2026-06-18 19:15 | E27: First Stage | F27: Group A | G27: Czechia | H27: CZE | I27: 1 | J27: South Africa | K27: RSA | L27: 1 | M27: 0 | N27: 1-1 | O27: Empate | P27: Sim | Q27: https://www.fifa.com/en/tournaments/mens/worldcup/canadamexicousa2026/scores-fixtures?country=PT&wtw-filter=ALL | R27: 2026-10-14 21:45:27
A28: Complete | B28: 400021446 | C28: 2026-06-18 20:00 | D28: 2026-06-18 22:15 | E28: First Stage | F28: Group B | G28: Switzerland | H28: SUI | I28: 4 | J28: Bosnia and Herzegovina | K28: BIH | L28: 1 | M28: 0 | N28: 4-1 | O28: Switzerland | P28: Sim | Q28: https://www.fifa.com/en/tournaments/mens/worldcup/canadamexicousa2026/scores-fixtures?country=PT&wtw-filter=ALL | R28: 2026-10-14 21:45:27
A29: Complete | B29: 400021450 | C29: 2026-06-18 23:00 | D29: 2026-06-19 01:15 | E29: First Stage | F29: Group B | G29: Canada | H29: CAN | I29: 6 | J29: Qatar | K29: QAT | L29: 0 | M29: 0 | N29: 6-0 | O29: Canada | P29: Sim | Q29: https://www.fifa.com/en/tournaments/mens/worldcup/canadamexicousa2026/scores-fixtures?country=PT&wtw-filter=ALL | R29: 2026-10-14 21:45:27
B30: 400021442 | C30: 2026-06-19 02:00 | D30: 2026-06-19 04:15 | E30: First Stage | F30: Group A | G30: Mexico | H30: MEX | I30: 1 | J30: Korea Republic | K30: KOR | L30: 0 | M30: 0 | N30: 1-0 | O30: Mexico | P30: Sim | Q30: https://www.fifa.com/en/tournaments/mens/worldcup/canadamexicousa2026/scores-fixtures?country=PT&wtw-filter=ALL | R30: 2026-10-14 21:45:27
A31: Complete | B31: 400021462 | C31: 2026-06-19 20:00 | D31: 2026-06-19 22:15 | E31: First Stage | F31: Group D | G31: USA | H31: USA | I31: 2 | J31: Australia | K31: AUS | L31: 0 | M31: 0 | N31: 2-0 | O31: USA | P31: Sim | Q31: https://www.fifa.com/en/tournaments/mens/worldcup/canadamexicousa2026/scores-fixtures?country=PT&wtw-filter=ALL | R31: 2026-10-14 21:45:27
A32: Complete | B32: 400021454 | C32: 2026-06-19 23:00 | D32: 2026-06-20 01:15 | E32: First Stage | F32: Group C | G32: Scotland | H32: SCO | I32: 0 | J32: Morocco | K32: MAR | L32: 1 | M32: 0 | N32: 0-1 | O32: Morocco | P32: Sim | Q32: https://www.fifa.com/en/tournaments/mens/worldcup/canadamexicousa2026/scores-fixtures?country=PT&wtw-filter=ALL | R32: 2026-10-14 21:45:27
A33: Complete | B33: 400021457 | C33: 2026-06-20 01:30 | D33: 2026-06-20 03:45 | E33: First Stage | F33: Group C | G33: Brazil | H33: BRA | I33: 3 | J33: Haiti | K33: HAI | L33: 0 | M33: 0 | N33: 3-0 | O33: Brazil | P33: Sim | Q33: https://www.fifa.com/en/tournaments/mens/worldcup/canadamexicousa2026/scores-fixtures?country=PT&wtw-filter=ALL | R33: 2026-10-14 21:45:27
A34: Complete | B34: 400021460 | C34: 2026-06-20 04:00 | D34: 2026-06-20 06:15 | E34: First Stage | F34: Group D | G34: Türkiye | H34: TUR | I34: 0 | J34: Paraguay | K34: PAR | L34: 1 | M34: 0 | N34: 0-1 | O34: Paraguay | P34: Sim | Q34: https://www.fifa.com/en/tournaments/mens/worldcup/canadamexicousa2026/scores-fixtures?country=PT&wtw-filter=ALL | R34: 2026-10-14 21:45:27
A35: Complete | B35: 400021472 | C35: 2026-06-20 18:00 | D35: 2026-06-20 20:15 | E35: First Stage | F35: Group F | G35: Netherlands | H35: NED | I35: 5 | J35: Sweden | K35: SWE | L35: 1 | M35: 0 | N35: 5-1 | O35: Netherlands | P35: Sim | Q35: https://www.fifa.com/en/tournaments/mens/worldcup/canadamexicousa2026/scores-fixtures?country=PT&wtw-filter=ALL | R35: 2026-10-14 21:45:27
A36: Complete | B36: 400021469 | C36: 2026-06-20 21:00 | D36: 2026-06-20 23:15 | E36: First Stage | F36: Group E | G36: Germany | H36: GER | I36: 2 | J36: Côte d'Ivoire | K36: CIV | L36: 1 | M36: 0 | N36: 2-1 | O36: Germany | P36: Sim | Q36: https://www.fifa.com/en/tournaments/mens/worldcup/canadamexicousa2026/scores-fixtures?country=PT&wtw-filter=ALL | R36: 2026-10-14 21:45:27
A37: Complete | B37: 400021465 | C37: 2026-06-21 01:00 | D37: 2026-06-21 03:15 | E37: First Stage | F37: Group E | G37: Ecuador | H37: ECU | I37: 0 | J37: Curaçao | K37: CUW | L37: 0 | M37: 0 | N37: 0-0 | O37: Empate | P37: Sim | Q37: https://www.fifa.com/en/tournaments/mens/worldcup/canadamexicousa2026/scores-fixtures?country=PT&wtw-filter=ALL | R37: 2026-10-14 21:45:27
A38: Complete | B38: 400021475 | C38: 2026-06-21 05:00 | D38: 2026-06-21 07:15 | E38: First Stage | F38: Group F | G38: Tunisia | H38: TUN | I38: 0 | J38: Japan | K38: JPN | L38: 4 | M38: 0 | N38: 0-4 | O38: Japan | P38: Sim | Q38: https://www.fifa.com/en/tournaments/mens/worldcup/canadamexicousa2026/scores-fixtures?country=PT&wtw-filter=ALL | R38: 2026-10-14 21:45:27
A39: Complete | B39: 400021483 | C39: 2026-06-21 17:00 | D39: 2026-06-21 19:15 | E39: First Stage | F39: Group H | G39: Spain | H39: ESP | I39: 4 | J39: Saudi Arabia | K39: KSA | L39: 0 | M39: 0 | N39: 4-0 | O39: Spain | P39: Sim | Q39: https://www.fifa.com/en/tournaments/mens/worldcup/canadamexicousa2026/scores-fixtures?country=PT&wtw-filter=ALL | R39: 2026-10-14 21:45:27
B40: 400021477 | C40: 2026-06-21 20:00 | D40: 2026-06-21 22:15 | E40: First Stage | F40: Group G | G40: Belgium | H40: BEL | I40: 0 | J40: IR Iran | K40: IRN | L40: 0 | M40: 0 | N40: 0-0 | O40: Empate | P40: Sim | Q40: https://www.fifa.com/en/tournaments/mens/worldcup/canadamexicousa2026/scores-fixtures?country=PT&wtw-filter=ALL | R40: 2026-10-14 21:45:27
B41: 400021487 | C41: 2026-06-21 23:00 | D41: 2026-06-22 01:15 | E41: First Stage | F41: Group H | G41: Uruguay | H41: URU | I41: 2 | J41: Cabo Verde | K41: CPV | L41: 2 | M41: 0 | N41: 2-2 | O41: Empate | P41: Sim | Q41: https://www.fifa.com/en/tournaments/mens/worldcup/canadamexicousa2026/scores-fixtures?country=PT&wtw-filter=ALL | R41: 2026-10-14 21:45:27
A42: Complete | B42: 400021480 | C42: 2026-06-22 02:00 | D42: 2026-06-22 04:15 | E42: First Stage | F42: Group G | G42: New Zealand | H42: NZL | I42: 1 | J42: Egypt | K42: EGY | L42: 3 | M42: 0 | N42: 1-3 | O42: Egypt | P42: Sim | Q42: https://www.fifa.com/en/tournaments/mens/worldcup/canadamexicousa2026/scores-fixtures?country=PT&wtw-filter=ALL | R42: 2026-10-14 21:45:27
A43: Complete | B43: 400021494 | C43: 2026-06-22 18:00 | D43: 2026-06-22 20:15 | E43: First Stage | F43: Group J | G43: Argentina | H43: ARG | I43: 2 | J43: Austria | K43: AUT | L43: 0 | M43: 0 | N43: 2-0 | O43: Argentina | P43: Sim | Q43: https://www.fifa.com/en/tournaments/mens/worldcup/canadamexicousa2026/scores-fixtures?country=PT&wtw-filter=ALL | R43: 2026-10-14 21:45:27
A44: Complete | B44: 400021492 | C44: 2026-06-22 22:00 | D44: 2026-06-23 00:15 | E44: First Stage | F44: Group I | G44: France | H44: FRA | I44: 3 | J44: Iraq | K44: IRQ | L44: 0 | M44: 0 | N44: 3-0 | O44: France | P44: Sim | Q44: https://www.fifa.com/en/tournaments/mens/worldcup/canadamexicousa2026/scores-fixtures?country=PT&wtw-filter=ALL | R44: 2026-10-14 21:45:27
A45: Complete | B45: 400021491 | C45: 2026-06-23 01:00 | D45: 2026-06-23 03:15 | E45: First Stage | F45: Group I | G45: Norway | H45: NOR | I45: 3 | J45: Senegal | K45: SEN | L45: 2 | M45: 0 | N45: 3-2 | O45: Norway | P45: Sim | Q45: https://www.fifa.com/en/tournaments/mens/worldcup/canadamexicousa2026/scores-fixtures?country=PT&wtw-filter=ALL | R45: 2026-10-14 21:45:27
A46: Complete | B46: 400021499 | C46: 2026-06-23 04:00 | D46: 2026-06-23 06:15 | E46: First Stage | F46: Group J | G46: Jordan | H46: JOR | I46: 1 | J46: Algeria | K46: ALG | L46: 2 | M46: 0 | N46: 1-2 | O46: Algeria | P46: Sim | Q46: https://www.fifa.com/en/tournaments/mens/worldcup/canadamexicousa2026/scores-fixtures?country=PT&wtw-filter=ALL | R46: 2026-10-14 21:45:27
A47: Complete | B47: 400021503 | C47: 2026-06-23 18:00 | D47: 2026-06-23 20:15 | E47: First Stage | F47: Group K | G47: Portugal | H47: POR | I47: 5 | J47: Uzbekistan | K47: UZB | L47: 0 | M47: 0 | N47: 5-0 | O47: Portugal | P47: Sim | Q47: https://www.fifa.com/en/tournaments/mens/worldcup/canadamexicousa2026/scores-fixtures?country=PT&wtw-filter=ALL | R47: 2026-10-14 21:45:27
A48: Complete | B48: 400021506 | C48: 2026-06-23 21:00 | D48: 2026-06-23 23:15 | E48: First Stage | F48: Group L | G48: England | H48: ENG | I48: 0 | J48: Ghana | K48: GHA | L48: 0 | M48: 0 | N48: 0-0 | O48: Empate | P48: Sim | Q48: https://www.fifa.com/en/tournaments/mens/worldcup/canadamexicousa2026/scores-fixtures?country=PT&wtw-filter=ALL | R48: 2026-10-14 21:45:27
A49: Complete | B49: 400021511 | C49: 2026-06-24 00:00 | D49: 2026-06-24 02:15 | E49: First Stage | F49: Group L | G49: Panama | H49: PAN | I49: 0 | J49: Croatia | K49: CRO | L49: 1 | M49: 0 | N49: 0-1 | O49: Croatia | P49: Sim | Q49: https://www.fifa.com/en/tournaments/mens/worldcup/canadamexicousa2026/scores-fixtures?country=PT&wtw-filter=ALL | R49: 2026-10-14 21:45:27
A50: Complete | B50: 400021501 | C50: 2026-06-24 03:00 | D50: 2026-06-24 05:15 | E50: First Stage | F50: Group K | G50: Colombia | H50: COL | I50: 1 | J50: Congo DR | K50: COD | L50: 0 | M50: 0 | N50: 1-0 | O50: Colombia | P50: Sim | Q50: https://www.fifa.com/en/tournaments/mens/worldcup/canadamexicousa2026/scores-fixtures?country=PT&wtw-filter=ALL | R50: 2026-10-14 21:45:27
A51: Complete | B51: 400021448 | C51: 2026-06-24 20:00 | D51: 2026-06-24 22:15 | E51: First Stage | F51: Group B | G51: Bosnia and Herzegovina | H51: BIH | I51: 3 | J51: Qatar | K51: QAT | L51: 1 | M51: 0 | N51: 3-1 | O51: Bosnia and Herzegovina | P51: Sim | Q51: https://www.fifa.com/en/tournaments/mens/worldcup/canadamexicousa2026/scores-fixtures?country=PT&wtw-filter=ALL | R51: 2026-10-14 21:45:27
A52: Complete | B52: 400021451 | C52: 2026-06-24 20:00 | D52: 2026-06-24 22:15 | E52: First Stage | F52: Group B | G52: Switzerland | H52: SUI | I52: 2 | J52: Canada | K52: CAN | L52: 1 | M52: 0 | N52: 2-1 | O52: Switzerland | P52: Sim | Q52: https://www.fifa.com/en/tournaments/mens/worldcup/canadamexicousa2026/scores-fixtures?country=PT&wtw-filter=ALL | R52: 2026-10-14 21:45:27
A53: Complete | B53: 400021452 | C53: 2026-06-24 23:00 | D53: 2026-06-25 01:15 | E53: First Stage | F53: Group C | G53: Morocco | H53: MAR | I53: 4 | J53: Haiti | K53: HAI | L53: 2 | M53: 0 | N53: 4-2 | O53: Morocco | P53: Sim | Q53: https://www.fifa.com/en/tournaments/mens/worldcup/canadamexicousa2026/scores-fixtures?country=PT&wtw-filter=ALL | R53: 2026-10-14 21:45:27
... A55: Complete | B55: 400021444 | C55: 2026-06-25 02:00 | D55: 2026-06-25 04:15 | E55: First Stage | F55: Group A | G55: Czechia | H55: CZE | I55: 0 | J55: Mexico | K55: MEX | L55: 3 | M55: 0 | N55: 0-3 | O55: Mexico | P55: Sim | Q55: https://www.fifa.com/en/tournaments/mens/worldcup/canadamexicousa2026/scores-fixtures?country=PT&wtw-filter=ALL | R55: 2026-10-14 21:45:27
B56: 400021445 | C56: 2026-06-25 02:00 | D56: 2026-06-25 04:15 | E56: First Stage | F56: Group A | G56: South Africa | H56: RSA | I56: 1 | J56: Korea Republic | K56: KOR | L56: 0 | M56: 0 | N56: 1-0 | O56: South Africa | P56: Sim | Q56: https://www.fifa.com/en/tournaments/mens/worldcup/canadamexicousa2026/scores-fixtures?country=PT&wtw-filter=ALL | R56: 2026-10-14 21:45:27
A57: Complete | B57: 400021468 | C57: 2026-06-25 21:00 | D57: 2026-06-25 23:15 | E57: First Stage | F57: Group E | G57: Curaçao | H57: CUW | I57: 0 | J57: Côte d'Ivoire | K57: CIV | L57: 2 | M57: 0 | N57: 0-2 | O57: Côte d'Ivoire | P57: Sim | Q57: https://www.fifa.com/en/tournaments/mens/worldcup/canadamexicousa2026/scores-fixtures?country=PT&wtw-filter=ALL | R57: 2026-10-14 21:45:27
A58: Complete | B58: 400021466 | C58: 2026-06-25 21:00 | D58: 2026-06-25 23:15 | E58: First Stage | F58: Group E | G58: Ecuador | H58: ECU | I58: 2 | J58: Germany | K58: GER | L58: 1 | M58: 0 | N58: 2-1 | O58: Ecuador | P58: Sim | Q58: https://www.fifa.com/en/tournaments/mens/worldcup/canadamexicousa2026/scores-fixtures?country=PT&wtw-filter=ALL | R58: 2026-10-14 21:45:27
A59: Complete | B59: 400021471 | C59: 2026-06-26 00:00 | D59: 2026-06-26 02:15 | E59: First Stage | F59: Group F | G59: Japan | H59: JPN | I59: 1 | J59: Sweden | K59: SWE | L59: 1 | M59: 0 | N59: 1-1 | O59: Empate | P59: Sim | Q59: https://www.fifa.com/en/tournaments/mens/worldcup/canadamexicousa2026/scores-fixtures?country=PT&wtw-filter=ALL | R59: 2026-10-14 21:45:27
A60: Complete | B60: 400021473 | C60: 2026-06-26 00:00 | D60: 2026-06-26 02:15 | E60: First Stage | F60: Group F | G60: Tunisia | H60: TUN | I60: 1 | J60: Netherlands | K60: NED | L60: 3 | M60: 0 | N60: 1-3 | O60: Netherlands | P60: Sim | Q60: https://www.fifa.com/en/tournaments/mens/worldcup/canadamexicousa2026/scores-fixtures?country=PT&wtw-filter=ALL | R60: 2026-10-14 21:45:27
A61: Complete | B61: 400021461 | C61: 2026-06-26 03:00 | D61: 2026-06-26 05:15 | E61: First Stage | F61: Group D | G61: Paraguay | H61: PAR | I61: 0 | J61: Australia | K61: AUS | L61: 0 | M61: 0 | N61: 0-0 | O61: Empate | P61: Sim | Q61: https://www.fifa.com/en/tournaments/mens/worldcup/canadamexicousa2026/scores-fixtures?country=PT&wtw-filter=ALL | R61: 2026-10-14 21:45:27
A62: Complete | B62: 400021459 | C62: 2026-06-26 03:00 | D62: 2026-06-26 05:15 | E62: First Stage | F62: Group D | G62: Türkiye | H62: TUR | I62: 3 | J62: USA | K62: USA | L62: 2 | M62: 0 | N62: 3-2 | O62: Türkiye | P62: Sim | Q62: https://www.fifa.com/en/tournaments/mens/worldcup/canadamexicousa2026/scores-fixtures?country=PT&wtw-filter=ALL | R62: 2026-10-14 21:45:27
A63: Complete | B63: 400021489 | C63: 2026-06-26 20:00 | D63: 2026-06-26 22:15 | E63: First Stage | F63: Group I | G63: Norway | H63: NOR | I63: 1 | J63: France | K63: FRA | L63: 4 | M63: 0 | N63: 1-4 | O63: France | P63: Sim | Q63: https://www.fifa.com/en/tournaments/mens/worldcup/canadamexicousa2026/scores-fixtures?country=PT&wtw-filter=ALL | R63: 2026-10-14 21:45:27
A64: Complete | B64: 400021493 | C64: 2026-06-26 20:00 | D64: 2026-06-26 22:15 | E64: First Stage | F64: Group I | G64: Senegal | H64: SEN | I64: 5 | J64: Iraq | K64: IRQ | L64: 0 | M64: 0 | N64: 5-0 | O64: Senegal | P64: Sim | Q64: https://www.fifa.com/en/tournaments/mens/worldcup/canadamexicousa2026/scores-fixtures?country=PT&wtw-filter=ALL | R64: 2026-10-14 21:45:27
B65: 400021485 | C65: 2026-06-27 01:00 | D65: 2026-06-27 03:15 | E65: First Stage | F65: Group H | G65: Cabo Verde | H65: CPV | I65: 0 | J65: Saudi Arabia | K65: KSA | L65: 0 | M65: 0 | N65: 0-0 | O65: Empate | P65: Sim | Q65: https://www.fifa.com/en/tournaments/mens/worldcup/canadamexicousa2026/scores-fixtures?country=PT&wtw-filter=ALL | R65: 2026-10-14 21:45:27
A66: Complete | B66: 400021484 | C66: 2026-06-27 01:00 | D66: 2026-06-27 03:15 | E66: First Stage | F66: Group H | G66: Uruguay | H66: URU | I66: 0 | J66: Spain | K66: ESP | L66: 1 | M66: 0 | N66: 0-1 | O66: Spain | P66: Sim | Q66: https://www.fifa.com/en/tournaments/mens/worldcup/canadamexicousa2026/scores-fixtures?country=PT&wtw-filter=ALL | R66: 2026-10-14 21:45:27
B67: 400021479 | C67: 2026-06-27 04:00 | D67: 2026-06-27 06:15 | E67: First Stage | F67: Group G | G67: Egypt | H67: EGY | I67: 1 | J67: IR Iran | K67: IRN | L67: 1 | M67: 0 | N67: 1-1 | O67: Empate | P67: Sim | Q67: https://www.fifa.com/en/tournaments/mens/worldcup/canadamexicousa2026/scores-fixtures?country=PT&wtw-filter=ALL | R67: 2026-10-14 21:45:27
A68: Complete | B68: 400021481 | C68: 2026-06-27 04:00 | D68: 2026-06-27 06:15 | E68: First Stage | F68: Group G | G68: New Zealand | H68: NZL | I68: 1 | J68: Belgium | K68: BEL | L68: 5 | M68: 0 | N68: 1-5 | O68: Belgium | P68: Sim | Q68: https://www.fifa.com/en/tournaments/mens/worldcup/canadamexicousa2026/scores-fixtures?country=PT&wtw-filter=ALL | R68: 2026-10-14 21:45:27
A69: Complete | B69: 400021509 | C69: 2026-06-27 22:00 | D69: 2026-06-28 00:15 | E69: First Stage | F69: Group L | G69: Croatia | H69: CRO | I69: 2 | J69: Ghana | K69: GHA | L69: 1 | M69: 0 | N69: 2-1 | O69: Croatia | P69: Sim | Q69: https://www.fifa.com/en/tournaments/mens/worldcup/canadamexicousa2026/scores-fixtures?country=PT&wtw-filter=ALL | R69: 2026-10-14 21:45:27
A70: Complete | B70: 400021508 | C70: 2026-06-27 22:00 | D70: 2026-06-28 00:15 | E70: First Stage | F70: Group L | G70: Panama | H70: PAN | I70: 0 | J70: England | K70: ENG | L70: 2 | M70: 0 | N70: 0-2 | O70: England | P70: Sim | Q70: https://www.fifa.com/en/tournaments/mens/worldcup/canadamexicousa2026/scores-fixtures?country=PT&wtw-filter=ALL | R70: 2026-10-14 21:45:27
A71: Complete | B71: 400021505 | C71: 2026-06-28 00:30 | D71: 2026-06-28 02:45 | E71: First Stage | F71: Group K | G71: Colombia | H71: COL | I71: 0 | J71: Portugal | K71: POR | L71: 0 | M71: 0 | N71: 0-0 | O71: Empate | P71: Sim | Q71: https://www.fifa.com/en/tournaments/mens/worldcup/canadamexicousa2026/scores-fixtures?country=PT&wtw-filter=ALL | R71: 2026-10-14 21:45:27
A72: Complete | B72: 400021500 | C72: 2026-06-28 00:30 | D72: 2026-06-28 02:45 | E72: First Stage | F72: Group K | G72: Congo DR | H72: COD | I72: 3 | J72: Uzbekistan | K72: UZB | L72: 1 | M72: 0 | N72: 3-1 | O72: Congo DR | P72: Sim | Q72: https://www.fifa.com/en/tournaments/mens/worldcup/canadamexicousa2026/scores-fixtures?country=PT&wtw-filter=ALL | R72: 2026-10-14 21:45:27
A73: Complete | B73: 400021497 | C73: 2026-06-28 03:00 | D73: 2026-06-28 05:15 | E73: First Stage | F73: Group J | G73: Algeria | H73: ALG | I73: 3 | J73: Austria | K73: AUT | L73: 3 | M73: 0 | N73: 3-3 | O73: Empate | P73: Sim | Q73: https://www.fifa.com/en/tournaments/mens/worldcup/canadamexicousa2026/scores-fixtures?country=PT&wtw-filter=ALL | R73: 2026-10-14 21:45:27
A74: Complete | B74: 400021495 | C74: 2026-06-28 03:00 | D74: 2026-06-28 05:15 | E74: First Stage | F74: Group J | G74: Jordan | H74: JOR | I74: 1 | J74: Argentina | K74: ARG | L74: 3 | M74: 0 | N74: 1-3 | O74: Argentina | P74: Sim | Q74: https://www.fifa.com/en/tournaments/mens/worldcup/canadamexicousa2026/scores-fixtures?country=PT&wtw-filter=ALL | R74: 2026-10-14 21:45:27
B75: 400021518 | C75: 2026-06-28 20:00 | D75: 2026-06-28 22:15 | E75: Round of 32 | G75: South Africa | H75: RSA | I75: 0 | J75: Canada | K75: CAN | L75: 1 | M75: 0 | N75: 0-1 | O75: Canada | P75: Sim | Q75: https://www.fifa.com/en/tournaments/mens/worldcup/canadamexicousa2026/scores-fixtures?country=PT&wtw-filter=ALL | R75: 2026-10-14 21:45:27
B76: 400021516 | C76: 2026-06-29 18:00 | D76: 2026-06-29 20:15 | E76: Round of 32 | G76: Brazil | H76: BRA | I76: 2 | J76: Japan | K76: JPN | L76: 1 | M76: 0 | N76: 2-1 | O76: Brazil | P76: Sim | Q76: https://www.fifa.com/en/tournaments/mens/worldcup/canadamexicousa2026/scores-fixtures?country=PT&wtw-filter=ALL | R76: 2026-10-14 21:45:27
B77: 400021522 | C77: 2026-06-30 02:00 | D77: 2026-06-30 04:15 | E77: Round of 32 | G77: Netherlands | H77: NED | I77: 1 | J77: Morocco | K77: MAR | L77: 1 | M77: 0 | N77: 1-1 | O77: Empate | P77: Sim | Q77: https://www.fifa.com/en/tournaments/mens/worldcup/canadamexicousa2026/scores-fixtures?country=PT&wtw-filter=ALL | R77: 2026-10-14 21:45:27
B78: 400021524 | C78: 2026-07-02 01:00 | D78: 2026-07-02 03:15 | E78: Round of 32 | G78: USA | H78: USA | I78: 2 | J78: Bosnia and Herzegovina | K78: BIH | L78: 0 | M78: 0 | N78: 2-0 | O78: USA | P78: Sim | Q78: https://www.fifa.com/en/tournaments/mens/worldcup/canadamexicousa2026/scores-fixtures?country=PT&wtw-filter=ALL | R78: 2026-10-14 21:45:27
B79: 400021514 | C79: 2026-06-30 18:00 | D79: 2026-06-30 20:15 | E79: Round of 32 | G79: Côte d'Ivoire | H79: CIV | I79: 1 | J79: Norway | K79: NOR | L79: 2 | M79: 0 | N79: 1-2 | O79: Norway | P79: Sim | Q79: https://www.fifa.com/en/tournaments/mens/worldcup/canadamexicousa2026/scores-fixtures?country=PT&wtw-filter=ALL | R79: 2026-10-14 21:45:27
B80: 400021513 | C80: 2026-06-29 21:30 | D80: 2026-06-29 23:45 | E80: Round of 32 | G80: Germany | H80: GER | I80: 1 | J80: Paraguay | K80: PAR | L80: 1 | M80: 0 | N80: 1-1 | O80: Empate | P80: Sim | Q80: https://www.fifa.com/en/tournaments/mens/worldcup/canadamexicousa2026/scores-fixtures?country=PT&wtw-filter=ALL | R80: 2026-10-14 21:45:27
B81: 400021523 | C81: 2026-06-30 22:00 | D81: 2026-07-01 00:15 | E81: Round of 32 | G81: France | H81: FRA | I81: 3 | J81: Sweden | K81: SWE | L81: 0 | M81: 0 | N81: 3-0 | O81: France | P81: Sim | Q81: https://www.fifa.com/en/tournaments/mens/worldcup/canadamexicousa2026/scores-fixtures?country=PT&wtw-filter=ALL | R81: 2026-10-14 21:45:27
B82: 400021521 | C82: 2026-07-03 23:00 | D82: 2026-07-04 01:15 | E82: Round of 32 | G82: Argentina | H82: ARG | I82: 3 | J82: Cabo Verde | K82: CPV | L82: 2 | M82: 0 | N82: 3-2 | O82: Argentina | P82: Sim | Q82: https://www.fifa.com/en/tournaments/mens/worldcup/canadamexicousa2026/scores-fixtures?country=PT&wtw-filter=ALL | R82: 2026-10-14 21:45:27
B83: 400021515 | C83: 2026-07-03 19:00 | D83: 2026-07-03 21:15 | E83: Round of 32 | G83: Australia | H83: AUS | I83: 1 | J83: Egypt | K83: EGY | L83: 1 | M83: 0 | N83: 1-1 | O83: Empate | P83: Sim | Q83: https://www.fifa.com/en/tournaments/mens/worldcup/canadamexicousa2026/scores-fixtures?country=PT&wtw-filter=ALL | R83: 2026-10-14 21:45:27
B84: 400021520 | C84: 2026-07-01 03:00 | D84: 2026-07-01 05:15 | E84: Round of 32 | G84: Mexico | H84: MEX | I84: 2 | J84: Ecuador | K84: ECU | L84: 0 | M84: 0 | N84: 2-0 | O84: Mexico | P84: Sim | Q84: https://www.fifa.com/en/tournaments/mens/worldcup/canadamexicousa2026/scores-fixtures?country=PT&wtw-filter=ALL | R84: 2026-10-14 21:45:27
B85: 400021512 | C85: 2026-07-01 17:00 | D85: 2026-07-01 19:15 | E85: Round of 32 | G85: England | H85: ENG | I85: 2 | J85: Congo DR | K85: COD | L85: 1 | M85: 0 | N85: 2-1 | O85: England | P85: Sim | Q85: https://www.fifa.com/en/tournaments/mens/worldcup/canadamexicousa2026/scores-fixtures?country=PT&wtw-filter=ALL | R85: 2026-10-14 21:45:27
B86: 400021525 | C86: 2026-07-01 21:00 | D86: 2026-07-01 23:15 | E86: Round of 32 | G86: Belgium | H86: BEL | I86: 3 | J86: Senegal | K86: SEN | L86: 2 | M86: 0 | N86: 3-2 | O86: Belgium | P86: Sim | Q86: https://www.fifa.com/en/tournaments/mens/worldcup/canadamexicousa2026/scores-fixtures?country=PT&wtw-filter=ALL | R86: 2026-10-14 21:45:27
... B106: 400021543 | C106: 2026-07-19 20:00 | D106: 2026-07-19 22:15 | E106: Final | G106: Spain | H106: ESP | I106: 1 | J106: Argentina | K106: ARG | L106: 0 | M106: 0 | N106: 1-0 | O106: Spain | P106: Sim | Q106: https://www.fifa.com/en/tournaments/mens/worldcup/canadamexicousa2026/scores-fixtures?country=PT&wtw-filter=ALL | R106: 2026-10-14 21:45:27

Sheet modelo_parametros
A1: parametro | B1: valor | C1: descricao
A2: zona_empate | B2: 0.45 | C2: Intervalo em que o jogo tende a ser considerado empate.
A3: bonus_anfitriao | B3: 0.08 | C3: Bónus para seleção anfitriã.
A4: peso_xi | B4: 0.35 | C4: Peso da força provável do onze inicial.
A5: peso_ranking_fifa | B5: 0.25 | C5: Peso do ranking FIFA.
A6: peso_clube | B6: 0.15 | C6: Peso da força dos clubes dos jogadores.
A7: peso_minutos_selecao | B7: 0.15 | C7: Peso dos minutos recentes na seleção.
A8: peso_minutos_clube | B8: 0.1 | C8: Peso dos minutos recentes no clube.
A9: media_golos_equipa | B9: 1.29 | C9: Média base de golos esperada por equipa.
A10: fator_golos_diferenca_forca | B10: 0.5 | C10: Quanto a diferença de força aumenta ou baixa golos.
A11: penalizacao_underdog | B11: 0.35 | C11: Penalização aplicada ao underdog quando há favorito claro.
A12: resistencia_underdog | B12: 0.4 | C12: Capacidade do underdog de equilibrar jogos.
A13: learning_rate | B13: 0.04 | C13: Velocidade de aprendizagem após resultados reais.
A14: margem_favorito_claro | B14: 0.35 | C14: Diferença mínima para considerar favorito claro.
A15: ultima_calibracao | B15: 2026-06-28 05:19:18 | C15: Data/hora da última calibração.

Sheet modelo_aprendizagem_log
A1: game_id | B1: data_hora | C1: equipa_a | D1: equipa_b | E1: previsto_veredicto | F1: previsto_golos_a | G1: previsto_golos_b | H1: real_golos_a | I1: real_golos_b | J1: real_veredicto | K1: erro_vencedor | L1: erro_golos_total | M1: ajuste_aplicado | N1: data_calibracao
A2: 400021443 | B2: 2026-06-11 19:00 | C2: Mexico | D2: South Africa | E2: Vitória México | F2: 2 | G2: 1 | H2: 2 | I2: 0 | J2: Vitória Equipa A | K2: 1 | L2: -1 | M2: Falhou vencedor; aumentou prudência e resistência do underdog. | Equipa B ficou a zero; aumentou ligeiramente penalização ofensiva. | N2: 2026-06-13 17:00:17
A3: 400021441 | B3: 2026-06-12 02:00 | C3: Korea Republic | D3: Czechia | E3: Vitória República da Coreia | F3: 2 | G3: 1 | H3: 2 | I3: 1 | J3: Vitória Equipa A | K3: 1 | L3: 0 | M3: Falhou vencedor; aumentou prudência e resistência do underdog. | N3: 2026-06-13 17:00:17
A4: 400021449 | B4: 2026-06-12 19:00 | C4: Canada | D4: Bosnia and Herzegovina | E4: Vitória Bósnia e Herzegovina | F4: 1 | G4: 2 | H4: 1 | I4: 1 | J4: Empate | K4: 1 | L4: -1 | M4: Falhou vencedor; aumentou prudência e resistência do underdog. | N4: 2026-06-13 17:00:17
A5: 400021458 | B5: 2026-06-13 01:00 | C5: USA | D5: Paraguay | E5: Vitória Estados Unidos | F5: 2 | G5: 1 | H5: 4 | I5: 1 | J5: Vitória Equipa A | K5: 1 | L5: 2 | M5: Falhou vencedor; aumentou prudência e resistência do underdog. | N5: 2026-06-13 17:00:17
A6: 400021447 | B6: 2026-06-13 20:00 | C6: Qatar | D6: Switzerland | E6: Vitória Equipa B | F6: 1 | G6: 2 | H6: 1 | I6: 1 | J6: Empate | K6: 1 | L6: -1 | M6: Aumentou zona_empate e resistência_underdog; reduziu agressividade do favorito. | N6: 2026-06-13 22:15:48
A7: 400021456 | B7: 2026-06-13 23:00 | C7: Brazil | D7: Morocco | E7: Vitória Equipa A | F7: 2 | G7: 1 | H7: 1 | I7: 1 | J7: Empate | K7: 1 | L7: -1 | M7: Aumentou zona_empate e resistência_underdog; reduziu agressividade do favorito. | N7: 2026-06-14 01:15:49
A8: 400021453 | B8: 2026-06-14 02:00 | C8: Haiti | D8: Scotland | E8: Vitória Equipa B | F8: 0 | G8: 2 | H8: 0 | I8: 1 | J8: Vitória Equipa B | K8: 0 | L8: -1 | M8: Vencedor/margem razoáveis; ajuste mínimo. | N8: 2026-06-14 04:15:53
A9: 400021464 | B9: 2026-06-14 18:00 | C9: Germany | D9: Curaçao | E9: Vitória Equipa A | F9: 3 | G9: 0 | H9: 7 | I9: 1 | J9: Vitória Equipa A | K9: 0 | L9: 5 | M9: Aumentou média de golos e fator de diferença de força. | N9: 2026-06-14 20:15:56
A10: 400021470 | B10: 2026-06-14 21:00 | C10: Netherlands | D10: Japan | E10: Vitória Equipa A | F10: 1 | G10: 0 | H10: 2 | I10: 2 | J10: Empate | K10: 1 | L10: 3 | M10: Aumentou zona_empate e resistência_underdog; reduziu agressividade do favorito. | N10: 2026-06-14 23:15:54
A11: 400021474 | B11: 2026-06-15 03:00 | C11: Sweden | D11: Tunisia | E11: Vitória Equipa A | F11: 1 | G11: 0 | H11: 5 | I11: 1 | J11: Vitória Equipa A | K11: 0 | L11: 5 | M11: Aumentou média de golos e fator de diferença de força. | N11: 2026-06-15 05:16:02
A12: 400021482 | B12: 2026-06-15 17:00 | C12: Spain | D12: Cabo Verde | E12: 4-0 | F12: 4 | G12: 0 | H12: 0 | I12: 0 | J12: Empate | K12: 1 | L12: -4 | M12: Falhou vencedor; aumentou prudência e resistência do underdog. | Equipa A ficou a zero; aumentou ligeiramente penalização ofensiva. | N12: 2026-06-15 19:39:40
A13: 400021478 | B13: 2026-06-15 20:00 | C13: Belgium | D13: Egypt | E13: 3-2 | F13: 3 | G13: 2 | H13: 1 | I13: 1 | J13: Empate | K13: 1 | L13: -3 | M13: Falhou vencedor; aumentou prudência e resistência do underdog. | N13: 2026-06-16 01:44:46
... A63: 400021495 | B63: 2026-06-28 03:00 | C63: Jordan | D63: Argentina | E63: 0-3 | F63: 0 | G63: 3 | H63: 1 | I63: 3 | J63: Vitória Equipa B | K63: 1 | L63: 1 | M63: Falhou vencedor; aumentou prudência e resistência do underdog. | N63: 2026-06-28 05:19:18
